House_ID,Neighborhood,Distance_City_km,Square_Footage,Lot_Size,Num_Bedrooms,Num_Bathrooms,Num_Floors,Year_Built,House_Age,Condition,Has_Been_Renovated,Years_Since_Renovation,Garage_Spaces,Has_Pool,Has_Garden,Has_Basement,Has_Attic,Heating_Type,Has_AC,Energy_Rating,School_Rating,Crime_Rate,Walkability_Score,Public_Transport,Price
H0001,Suburban,9.8,1650,5981,4,2.6,1,1983,41,3,0,,1,1,1,0,1,Gas,1,D,7.9,29.7,78,9.9,719074.0
H0002,Mountain,1.3,1391,2768,2,1.1,2,1950,74,2,0,,1,0,1,0,0,Solar,1,E,6.5,10.4,27,8.2,454838.0
H0003,Rural,6.9,1610,2920,4,3.5,2,1986,38,5,1,6.1,2,1,1,0,1,Gas,1,C,4.7,,34,8.1,730583.0
H0004,Suburban,7.5,1265,4944,3,2.1,2,2013,11,4,0,,1,0,0,1,1,Electric,1,C,8.9,2.9,83,9.2,743298.0
H0005,Downtown,4.4,2020,3575,1,1.0,2,2005,19,4,0,,0,1,1,0,0,Oil,1,E,9.4,1.0,100,10.0,826479.0
H0006,Downtown,10.7,1538,4146,3,2.6,2,2003,21,3,0,,2,0,1,0,1,Gas,0,C,7.8,9.6,83,7.6,744513.0
H0007,Downtown,21.8,2140,6342,1,1.1,2,1989,35,3,0,,1,0,1,0,0,Gas,1,D,7.1,8.4,81,5.5,716687.0
H0008,Beachfront,20.8,1066,3041,3,2.7,2,1969,55,3,1,4.4,1,0,1,0,0,Electric,1,A,7.5,6.4,35,6.9,670477.0
H0009,Rural,4.8,2198,3769,4,2.7,1,2005,19,5,0,,1,0,1,1,1,Oil,1,B,8.9,7.9,47,7.4,811265.0
H0010,Rural,1.0,2500,4106,2,1.0,1,1978,46,3,1,4.6,1,0,1,1,1,Electric,1,D,8.2,5.2,40,10.0,767526.0
H0011,Downtown,33.5,803,1416,4,2.9,2,2024,0,5,0,,2,0,1,1,0,Gas,1,D,7.1,23.3,100,2.0,623408.0
H0012,Mountain,14.6,2224,6591,1,1.0,2,2006,18,4,1,6.1,0,1,1,0,0,Oil,0,D,8.1,14.3,46,4.2,842190.0
H0013,Beachfront,1.1,2736,7827,3,1.8,2,1983,41,3,0,,3,0,0,1,0,Gas,0,B,3.8,,34,9.8,1059270.0
H0014,Downtown,20.3,1274,2655,4,2.9,1,1982,42,4,1,4.9,2,1,1,1,0,Electric,1,C,3.0,1.0,79,8.5,695905.0
H0015,Downtown,16.3,3003,9292,3,2.5,2,1993,31,3,1,1.2,1,1,1,0,0,Oil,1,C,,,81,7.6,997209.0
H0016,Downtown,5.9,2251,7991,2,1.6,1,1990,34,5,0,,1,0,0,1,1,Gas,1,D,6.1,6.3,70,10.0,895123.0
H0017,Suburban,7.2,1576,2527,3,2.1,1,2017,7,4,0,,2,0,0,0,0,Electric,0,E,6.4,14.2,82,8.6,618936.0
H0018,Suburban,4.1,1966,5397,3,2.4,2,1998,26,5,0,,2,0,0,1,0,Electric,1,D,,5.4,82,9.0,799534.0
H0019,Suburban,0.5,2334,7523,4,2.7,1,1980,44,2,0,,1,0,1,1,0,Oil,1,B,7.3,2.3,62,7.6,856890.0
H0020,Suburban,3.3,2045,4357,3,1.8,2,2024,0,5,0,,1,0,1,1,0,Gas,1,E,9.3,5.7,43,6.0,869102.0
H0021,Rural,13.0,2323,5271,4,3.3,1,1995,29,4,0,,3,1,1,0,0,Gas,1,C,5.0,1.2,13,7.7,859743.0
H0022,Downtown,0.5,1447,4390,5,3.9,2,2010,14,5,0,,1,0,0,0,0,Oil,1,D,2.7,27.7,71,10.0,771794.0
H0023,Suburban,3.2,2101,7867,3,2.5,2,1982,42,3,0,,1,0,1,0,1,Gas,1,B,5.2,3.3,44,9.9,763909.0
H0024,Suburban,4.1,1151,4057,5,3.3,1,2002,22,4,1,2.3,3,0,1,0,0,Gas,1,D,8.3,2.4,61,10.0,798651.0
H0025,Suburban,6.2,1933,5717,3,2.6,1,2001,23,3,0,,2,1,0,1,0,Solar,0,C,6.3,25.1,52,10.0,739836.0
H0026,Rural,20.2,1457,4845,5,3.9,2,1957,67,2,0,,1,0,1,1,1,Gas,0,C,7.8,,67,6.5,589027.0
H0027,Downtown,3.4,1558,3757,2,1.6,2,2024,0,5,0,,2,0,1,1,0,Solar,1,A,7.3,1.4,81,9.1,865024.0
H0028,Suburban,3.4,2741,8503,4,3.1,2,2020,4,5,0,,0,0,0,0,0,Gas,1,B,8.8,7.8,55,8.1,991532.0
H0029,Suburban,10.7,2654,7074,3,2.6,1,1987,37,4,0,,2,0,1,1,0,Gas,1,B,,14.6,43,10.0,886644.0
H0030,Downtown,4.8,2365,4670,3,2.3,2,1972,52,2,0,,2,1,1,1,0,Electric,1,C,6.6,18.1,78,9.8,854934.0
H0031,Rural,2.0,1344,4373,4,3.1,2,2001,23,5,1,3.2,2,1,0,1,0,Electric,1,B,10.0,7.3,18,8.2,802300.0
H0032,Downtown,4.8,1810,5233,4,3.5,2,1996,28,4,0,,3,0,0,0,0,Electric,0,D,6.8,11.9,100,7.3,836231.0
H0033,Downtown,1.2,2727,6535,1,1.0,2,2002,22,2,1,1.9,3,0,0,0,1,Electric,1,A,5.7,42.9,80,10.0,903663.0
H0034,Mountain,1.6,2085,7877,2,1.4,1,1998,26,5,0,,3,0,0,0,1,Oil,0,D,4.3,23.0,35,8.1,905286.0
H0035,Mountain,5.5,3391,5263,4,3.2,1,2005,19,4,1,3.6,2,0,1,1,0,Gas,1,B,4.5,4.1,13,10.0,1099507.0
H0036,Beachfront,4.3,2235,5116,4,2.9,2,2023,1,5,0,,1,0,1,1,0,Gas,1,F,4.3,6.0,25,5.0,1114149.0
H0037,Suburban,19.7,2115,3473,5,3.5,3,2006,18,3,1,8.4,2,0,0,1,0,Gas,1,F,6.1,1.0,51,8.2,829413.0
H0038,Downtown,3.6,1814,6197,4,3.1,1,1974,50,1,0,,2,0,1,0,0,Electric,1,B,6.0,1.0,69,10.0,739718.0
H0039,Rural,7.0,2080,6770,5,4.2,2,2022,2,5,0,,3,1,1,0,0,Gas,0,D,7.1,7.6,50,8.8,1022829.0
H0040,Suburban,8.0,1908,4442,4,3.4,1,2024,0,5,1,8.9,1,0,0,1,0,Gas,1,A,8.5,48.6,77,8.1,880102.0
H0041,Downtown,0.5,2424,7730,3,2.1,1,2024,0,4,0,,3,1,0,1,0,Gas,0,F,,10.8,80,10.0,1033499.0
H0042,Suburban,8.7,2574,6408,2,1.5,1,1972,52,2,1,5.4,2,0,1,1,1,Gas,0,D,9.5,27.1,74,9.3,829481.0
H0043,Downtown,1.6,1528,5180,4,2.7,1,1999,25,5,0,,3,0,1,1,0,Gas,0,A,6.1,1.0,92,8.3,954499.0
H0044,Beachfront,26.0,1201,3165,4,3.5,2,1953,71,2,0,,3,1,0,0,1,Electric,1,C,6.9,37.9,39,2.2,631340.0
H0045,Suburban,1.3,898,2272,1,1.2,2,2006,18,5,0,,1,0,0,1,1,Gas,1,,7.5,4.9,50,10.0,533333.0
H0046,Rural,4.3,2304,8840,3,2.4,1,1984,40,3,0,,1,0,1,1,0,Oil,1,C,,15.3,37,9.1,759164.0
H0047,Suburban,0.7,1337,2844,5,4.1,1,2024,0,3,0,,1,0,1,0,1,Electric,1,D,7.9,2.0,62,7.6,809126.0
H0048,Suburban,40.0,800,1440,3,2.5,2,1979,45,3,0,,1,0,0,0,1,Gas,1,C,9.1,5.6,50,1.9,347096.0
H0049,Suburban,5.6,2233,6612,3,2.3,1,1961,63,2,0,,2,1,1,0,0,Electric,1,C,6.4,27.1,55,8.0,698631.0
H0050,Downtown,7.2,3495,13711,3,1.8,2,1985,39,3,0,,2,1,1,0,0,Gas,1,B,8.5,4.6,86,8.6,1207988.0
H0051,Mountain,0.6,1996,4879,3,2.2,1,1955,69,2,0,,3,0,1,1,0,Electric,1,,5.6,9.2,4,10.0,623474.0
H0052,Rural,11.1,2503,4142,3,2.4,2,2010,14,5,1,8.2,2,0,1,0,1,Solar,1,B,4.8,12.8,23,10.0,861409.0
H0053,Mountain,1.9,2049,4811,3,2.4,1,1953,71,2,0,,0,0,1,0,0,Electric,0,E,4.4,1.6,25,10.0,623194.0
H0054,Beachfront,18.3,1940,5363,2,1.4,1,1995,29,3,0,,1,0,1,0,0,Electric,1,B,5.0,10.2,18,5.3,743337.0
H0055,Suburban,1.8,2551,4859,4,3.4,1,1953,71,3,1,3.2,0,0,1,0,0,Gas,1,D,6.2,7.7,60,10.0,785308.0
H0056,Mountain,1.7,1825,5740,3,1.9,1,1988,36,2,1,4.0,1,0,1,0,0,Gas,0,C,4.6,1.0,45,9.8,698264.0
H0057,Downtown,0.5,2160,8627,4,3.0,2,2024,0,3,1,1.5,2,0,1,1,0,Oil,1,,4.9,3.1,83,7.9,1091238.0
H0058,Downtown,5.1,2193,5766,5,3.9,2,2002,22,5,0,,0,0,1,0,1,Gas,0,D,5.6,11.4,73,9.6,968675.0
H0059,Downtown,6.7,1599,3816,3,2.4,1,1977,47,4,0,,1,0,0,0,0,Gas,0,,6.3,5.7,72,10.0,652979.0
H0060,Suburban,0.5,2595,6492,4,3.1,1,1994,30,4,1,4.4,1,0,0,0,1,Gas,0,C,6.4,1.2,68,9.9,1003891.0
H0061,Suburban,12.0,1895,3388,3,2.0,2,1995,29,3,1,4.9,2,0,1,0,1,Electric,1,D,7.2,5.0,50,5.2,700676.0
H0062,Suburban,4.8,1546,5732,5,3.4,2,2004,20,4,0,,2,1,0,0,0,Gas,1,D,7.8,3.5,48,9.1,849279.0
H0063,Beachfront,5.9,2321,5888,3,2.4,3,1967,57,3,0,,2,1,1,0,0,Oil,1,C,2.1,6.4,10,7.0,935664.0
H0064,Suburban,4.6,1460,3603,4,3.1,2,2006,18,3,1,4.9,2,0,1,1,1,Gas,0,D,9.2,9.8,44,10.0,781577.0
H0065,Suburban,4.1,2016,6348,4,2.7,2,1950,74,1,1,2.6,3,0,1,1,1,Gas,1,D,8.3,9.2,38,10.0,749539.0
H0066,Suburban,6.6,1994,5194,3,2.5,2,1982,42,4,0,,1,1,1,0,0,Electric,1,A,5.1,5.8,86,8.4,731315.0
H0067,Downtown,1.3,2651,8272,2,1.5,3,1985,39,5,1,5.8,2,1,0,0,0,Gas,0,C,7.8,2.4,92,9.2,1144569.0
H0068,Beachfront,1.6,2284,3776,4,3.2,2,2007,17,4,1,2.2,2,1,1,1,0,Electric,1,,7.9,4.1,32,9.4,1136847.0
H0069,Downtown,15.8,1984,7012,4,3.3,1,1995,29,4,0,,2,0,1,1,1,Gas,0,B,7.5,1.7,88,6.8,936041.0
H0070,Mountain,23.4,2490,9589,3,1.9,1,1966,58,1,0,,3,1,1,0,1,Gas,0,,5.7,3.2,34,4.2,822627.0
H0071,Rural,3.7,2834,8847,4,2.5,1,1975,49,4,1,0.4,1,0,1,1,0,Gas,1,E,,2.4,0,7.2,914010.0
H0072,Downtown,2.5,2334,9070,3,2.5,2,1998,26,3,1,9.9,2,0,0,1,1,Oil,1,E,4.5,7.3,74,10.0,999578.0
H0073,Downtown,8.3,2006,3768,4,3.1,2,1993,31,4,1,1.3,0,1,1,1,0,Electric,0,A,3.0,1.0,94,7.8,945973.0
H0074,Beachfront,4.2,1212,3264,2,1.7,2,1983,41,3,1,8.0,2,0,1,0,1,Electric,0,C,8.0,15.0,32,9.4,704430.0
H0075,Rural,0.5,1360,4086,5,4.1,1,1985,39,4,0,,1,1,0,0,0,Gas,0,D,5.7,3.2,33,10.0,729800.0
H0076,Rural,1.4,1816,5365,3,2.6,2,2008,16,4,0,,1,0,1,0,0,Electric,0,B,3.5,,40,10.0,677717.0
H0077,Rural,10.1,1634,4090,3,2.7,2,1984,40,4,0,,2,1,1,1,0,Gas,0,D,4.3,1.0,34,6.2,637678.0
H0078,Downtown,8.6,1887,4425,2,1.5,1,1993,31,4,0,,2,0,0,1,0,Oil,1,,4.3,40.1,93,5.8,721137.0
H0079,Suburban,0.5,2033,3694,2,1.5,2,2024,0,5,0,,0,1,0,0,0,Electric,1,E,5.8,3.4,67,9.0,872964.0
H0080,Downtown,2.0,2317,5744,3,2.2,2,1966,58,3,1,0.5,2,0,1,1,0,Electric,1,,8.1,8.4,91,10.0,862777.0
H0081,Beachfront,2.1,1957,3731,3,1.9,2,1957,67,2,0,,2,0,1,1,0,Gas,1,B,5.3,27.3,11,8.5,737881.0
H0082,Rural,8.9,2291,7642,4,3.1,2,2010,14,4,0,,1,0,1,1,0,Electric,1,E,1.5,4.9,35,7.7,856633.0
H0083,Suburban,0.5,2038,4120,1,1.0,2,1981,43,3,0,,2,0,1,1,0,Gas,0,D,5.0,13.9,87,10.0,671324.0
H0084,Downtown,0.9,814,1340,3,2.7,2,1988,36,4,1,1.2,2,0,1,1,1,Oil,0,E,5.7,1.0,79,7.1,684547.0
H0085,Suburban,12.9,1436,4136,3,2.3,2,1979,45,3,0,,2,0,1,0,1,Gas,1,A,5.9,27.4,57,6.3,541173.0
H0086,Suburban,1.6,1913,5716,1,1.0,2,1989,35,4,0,,1,0,1,1,0,Gas,0,D,7.9,13.3,52,10.0,694408.0
H0087,Rural,8.5,1274,4688,2,1.4,1,2024,0,5,0,,1,0,1,1,0,Gas,0,D,6.4,1.0,41,8.2,641460.0
H0088,Rural,2.2,2359,6941,3,1.8,2,2011,13,4,0,,2,0,0,0,0,Gas,0,A,,10.0,34,8.5,794550.0
H0089,Beachfront,0.8,2918,6897,3,1.8,1,2012,12,5,0,,3,1,1,0,1,Gas,1,D,6.0,6.1,25,10.0,1203432.0
H0090,Suburban,2.2,2731,9579,3,2.2,1,1966,58,2,0,,2,0,1,1,1,Oil,1,D,5.8,1.0,67,9.6,868554.0
H0091,Downtown,10.2,1871,5333,3,1.8,2,1971,53,3,0,,0,0,0,0,0,Electric,1,B,5.1,,72,7.4,651219.0
H0092,Rural,15.5,2894,4914,4,3.1,2,1950,74,3,0,,2,0,1,1,1,Oil,1,C,5.0,20.4,29,7.2,748634.0
H0093,Rural,14.2,2089,6088,1,1.1,2,1978,46,2,1,8.5,3,0,1,0,1,Oil,1,D,8.8,20.8,17,6.2,580497.0
H0094,Suburban,4.0,1797,6774,3,2.6,1,2014,10,5,0,,0,0,1,0,1,Gas,1,C,5.8,12.8,51,7.7,779641.0
H0095,Rural,8.8,1631,4062,5,3.9,1,2005,19,4,1,7.7,3,0,1,0,0,Electric,1,E,7.7,32.0,38,8.1,842615.0
H0096,Suburban,1.8,1818,4073,3,2.0,1,1990,34,3,0,,3,1,1,0,0,Gas,0,C,6.9,13.1,53,8.1,701134.0
H0097,Suburban,2.8,1767,3284,4,3.4,1,1994,30,5,1,8.2,0,0,1,1,0,Oil,0,C,7.4,1.0,85,9.5,2243008.9501211755
H0098,Suburban,18.1,2102,3948,3,2.6,2,1981,43,3,0,,3,0,0,0,0,Gas,0,G,9.9,2.7,47,6.9,710151.0
H0099,Downtown,0.5,2096,5411,4,2.7,1,1999,25,3,0,,1,0,0,0,0,Gas,0,E,2.8,2.7,85,10.0,800939.0
H0100,Downtown,0.7,2001,5981,4,3.2,2,2010,14,5,0,,2,0,1,0,0,Gas,0,A,6.4,1.0,93,10.0,950169.0
H0101,Downtown,1.9,2262,3848,3,2.0,1,1962,62,3,0,,2,0,1,0,0,Gas,1,D,5.6,7.6,81,9.0,754262.0
H0102,Rural,0.5,2714,10445,6,4.8,3,2000,24,4,0,,2,1,0,0,0,Gas,1,B,9.4,5.6,25,10.0,1178750.0
H0103,Suburban,1.6,2569,8703,2,2.0,1,2013,11,5,0,,2,0,0,1,0,Gas,1,A,5.1,15.0,43,10.0,938067.0
H0104,Suburban,7.0,1109,3289,1,1.0,1,1986,38,4,0,,2,0,1,0,0,Electric,1,C,,15.8,79,9.1,512498.0
H0105,Beachfront,4.4,800,2856,4,3.4,1,2009,15,3,0,,0,0,1,0,1,Oil,1,C,6.7,7.7,13,8.4,707994.0
H0106,Downtown,17.9,2560,4353,4,3.1,2,2024,0,5,0,,2,1,1,0,1,Gas,1,E,6.3,2.1,82,4.9,1059032.0
H0107,Suburban,13.6,1179,3173,2,2.0,2,1992,32,3,0,,1,0,1,0,0,Gas,1,D,6.3,5.5,48,8.0,451480.0
H0108,Rural,3.3,1865,5735,3,2.2,2,2002,22,5,1,6.4,1,0,1,0,0,Oil,0,G,4.0,17.6,32,6.8,766867.0
H0109,Downtown,2.4,1297,4632,1,1.1,2,1980,44,1,0,,1,0,0,0,0,Gas,0,,6.7,16.0,92,9.1,562656.0
H0110,Downtown,3.8,918,3175,3,1.8,1,1998,26,5,1,1.6,2,0,1,1,0,Oil,1,,5.5,9.4,82,5.4,729667.0
H0111,Suburban,7.1,2324,5095,4,2.8,2,2004,20,5,0,,1,1,0,1,1,Gas,1,D,7.5,19.9,62,6.6,845851.0
H0112,Downtown,2.5,2455,9457,3,1.8,2,1998,26,4,0,,1,0,1,1,0,Electric,0,G,4.6,31.7,77,8.2,984936.0
H0113,Mountain,7.8,1654,2995,3,2.7,1,1974,50,4,0,,1,0,1,0,0,Electric,0,D,4.8,5.6,22,10.0,608697.0
H0114,Beachfront,4.2,800,2950,3,2.6,1,1999,25,5,1,7.3,0,1,0,0,1,Electric,1,D,8.3,3.2,34,10.0,730828.0
H0115,Rural,6.4,1672,6566,1,1.1,1,2024,0,5,0,,2,0,1,0,0,Oil,0,,3.9,8.7,26,7.9,629605.0
H0116,Beachfront,4.6,2235,4342,3,2.7,1,2003,21,5,0,,3,0,1,1,0,Gas,1,B,4.0,42.4,28,10.0,999837.0
H0117,Beachfront,2.8,1112,3675,4,2.6,2,2014,10,5,0,,1,0,0,1,0,Gas,0,D,5.9,1.0,25,10.0,832493.0
H0118,Downtown,23.7,2110,3377,6,4.4,1,1990,34,4,1,0.6,3,0,1,0,0,Electric,1,E,4.5,5.5,97,5.0,892031.0
H0119,Beachfront,11.5,1990,5001,4,2.6,1,2009,15,4,0,,2,0,1,0,0,Oil,1,F,4.2,1.0,31,5.6,929854.0
H0120,Suburban,1.2,2347,6549,1,1.0,1,2000,24,3,0,,2,1,1,1,0,Gas,1,B,8.0,,50,9.4,822750.0
H0121,Beachfront,16.2,2071,6112,5,3.5,3,1975,49,2,1,8.9,2,0,1,1,0,Oil,0,D,3.0,1.5,30,6.6,958708.0
H0122,Beachfront,5.3,1416,5437,4,3.0,2,2001,23,3,0,,2,0,0,1,1,Gas,1,D,4.0,11.3,6,7.1,826068.0
H0123,Suburban,18.0,2717,8641,4,2.8,1,1975,49,3,0,,1,1,1,1,0,Gas,1,C,4.4,1.0,42,7.0,854236.0
H0124,Downtown,12.9,1904,5146,3,1.9,1,1982,42,2,0,,2,0,0,1,1,Electric,1,D,6.9,11.4,78,7.8,696506.0
H0125,Downtown,4.4,1983,6988,3,1.9,1,1998,26,4,1,1.5,2,0,1,0,0,Gas,1,C,4.5,1.1,84,9.8,926058.0
H0126,Suburban,0.5,1440,5581,3,1.9,2,2000,24,4,0,,2,0,1,1,0,Electric,1,C,10.0,1.1,77,10.0,790253.0
H0127,Beachfront,2.5,1734,2696,2,2.0,1,1971,53,3,0,,2,1,0,1,0,Gas,1,C,7.1,11.8,12,10.0,758939.0
H0128,Beachfront,6.2,1469,5811,3,2.5,2,2016,8,4,0,,0,1,0,1,0,Gas,1,D,8.0,2.0,39,8.5,989243.0
H0129,Downtown,8.0,1896,3252,3,2.7,2,2006,18,5,0,,2,1,1,0,0,Electric,1,C,5.7,5.9,87,8.7,905759.0
H0130,Suburban,2.4,3027,10703,3,2.2,2,1980,44,4,0,,2,1,1,0,0,Electric,1,D,,2.6,58,8.9,1103879.0
H0131,Suburban,1.2,1176,2588,4,2.8,1,1964,60,2,0,,1,0,0,0,1,Gas,0,C,10.0,7.1,58,8.9,498145.0
H0132,Downtown,14.4,1031,1887,3,2.5,2,1992,32,4,1,0.3,1,0,1,0,0,Gas,1,B,3.9,48.8,89,9.1,587016.0
H0133,Downtown,33.3,2882,7492,2,1.3,2,1986,38,3,0,,2,1,0,1,0,Gas,1,A,6.3,4.2,79,0.3,893925.0
H0134,Suburban,6.0,1874,5827,5,3.5,1,1997,27,3,0,,3,0,0,0,1,Gas,1,,,2.2,73,10.0,849388.0
H0135,Mountain,1.5,1598,3918,5,3.5,1,1987,37,2,1,4.2,2,0,1,0,0,Solar,1,D,4.2,4.5,37,8.8,740919.0
H0136,Suburban,2.5,2623,4292,4,2.6,1,1954,70,3,1,9.0,2,0,0,1,0,Oil,1,E,7.5,3.2,48,8.4,837981.0
H0137,Suburban,0.5,1636,4905,6,4.3,1,1987,37,3,0,,2,0,1,0,1,Gas,1,B,6.4,17.2,67,10.0,774301.0
H0138,Rural,19.7,3095,11624,3,2.1,1,1988,36,4,0,,1,1,1,0,0,Gas,1,B,5.4,12.4,36,3.8,951048.0
H0139,Suburban,1.0,2406,5914,5,3.9,2,2007,17,5,1,1.6,0,0,1,0,0,Oil,1,D,,7.9,60,8.6,1073366.0
H0140,Mountain,6.9,1707,3483,2,1.1,2,1981,43,4,0,,0,0,1,1,0,Electric,1,C,7.8,3.3,12,7.4,620242.0
H0141,Mountain,2.6,3294,8585,3,2.0,3,2024,0,4,1,5.2,1,1,1,0,0,Electric,1,,4.0,9.6,66,9.2,1187842.0
H0142,Suburban,6.5,1636,2651,3,2.6,1,1956,68,3,0,,1,0,1,1,0,Electric,1,D,7.0,14.8,71,7.5,579072.0
H0143,Suburban,8.4,2445,8682,2,1.1,3,2021,3,5,0,,2,0,1,0,0,Gas,1,C,7.8,7.2,46,10.0,946749.0
H0144,Suburban,14.2,2179,7769,2,1.3,1,1990,34,3,0,,2,0,1,1,1,Gas,1,C,5.3,12.3,56,9.9,736751.0
H0145,Suburban,1.8,2781,8259,4,3.4,2,2012,12,4,0,,0,1,1,0,1,Solar,1,D,10.0,11.1,43,6.6,1025931.0
H0146,Downtown,0.5,2936,6995,4,2.7,1,1996,28,5,0,,1,1,0,0,0,Electric,0,A,8.1,19.9,83,10.0,1108839.0
H0147,Rural,1.2,2019,7065,4,2.6,1,2017,7,5,0,,1,1,1,0,0,Gas,1,B,6.7,3.0,29,10.0,905547.0
H0148,Suburban,18.4,1547,4465,2,1.5,2,1987,37,4,0,,2,0,1,0,1,Gas,1,B,6.1,11.0,60,7.1,587326.0
H0149,Downtown,16.6,2275,8109,4,2.8,1,1973,51,2,0,,1,0,1,0,0,Gas,1,D,3.5,11.6,70,5.7,796078.0
H0150,Suburban,7.3,1593,4904,4,3.1,2,2023,1,4,0,,1,1,1,0,0,Electric,0,D,9.6,12.1,73,8.2,789380.0
H0151,Beachfront,7.3,3208,11102,3,2.6,2,1992,32,3,1,4.4,3,1,1,0,0,Gas,1,A,1.0,13.1,22,7.4,1220402.0
H0152,Downtown,8.7,2081,6235,4,2.6,2,1999,25,4,0,,2,0,1,0,1,Gas,1,D,7.7,24.1,91,7.6,902720.0
H0153,Downtown,1.5,1780,4512,3,2.3,2,2019,5,4,0,,1,0,0,0,0,Oil,1,C,7.9,9.3,86,7.9,804248.0
H0154,Suburban,19.7,2110,8218,3,2.3,2,1974,50,3,1,4.5,2,1,1,0,1,Gas,1,D,7.0,,75,5.9,794473.0
H0155,Mountain,4.3,1191,3397,5,3.4,1,2006,18,3,0,,1,1,0,1,0,Gas,1,B,8.5,1.0,32,6.9,737511.0
H0156,Downtown,3.9,1417,4269,3,2.4,2,1983,41,2,0,,2,1,1,1,0,Gas,1,D,5.9,,79,8.9,749120.0
H0157,Rural,5.9,2720,5579,3,2.0,2,1992,32,4,0,,2,1,1,0,0,Gas,0,F,6.1,17.4,18,7.0,887273.0
H0158,Rural,0.5,1605,4917,5,3.7,1,1996,28,4,0,,1,0,0,0,0,Gas,1,A,6.7,8.4,8,10.0,670277.0
H0159,Downtown,1.5,1371,4015,4,2.6,1,1964,60,2,0,,2,0,0,1,1,Oil,0,C,10.0,9.1,91,8.7,698502.0
H0160,Rural,10.7,2321,4554,2,1.5,2,1979,45,2,1,3.1,1,0,1,0,1,Oil,1,C,,21.9,31,8.3,666043.0
H0161,Suburban,0.7,2711,4470,2,1.3,2,2022,2,4,0,,1,0,0,1,0,Gas,1,C,9.3,36.2,42,10.0,2085508.2284402843
H0162,Rural,7.4,2431,7319,1,1.1,2,2012,12,4,0,,1,0,0,0,1,Gas,1,C,4.2,4.5,24,10.0,726385.0
H0163,Rural,2.3,2597,8853,4,2.6,1,1993,31,4,1,2.1,2,0,1,1,1,Electric,1,E,6.3,7.2,26,5.8,923547.0
H0164,Suburban,3.9,1545,4339,3,2.2,2,1999,25,5,0,,1,0,0,0,0,Gas,0,E,9.6,12.0,54,8.0,717896.0
H0165,Downtown,2.7,1146,2368,2,1.5,1,1989,35,3,0,,1,0,1,1,0,Gas,1,B,7.6,1.0,85,9.0,570284.0
H0166,Beachfront,3.5,2900,9182,5,4.0,2,2022,2,4,0,,1,0,1,0,0,Oil,0,D,6.3,27.5,42,10.0,1215757.0
H0167,Suburban,10.2,1806,3070,3,2.3,2,1990,34,4,1,7.2,0,0,0,1,0,Gas,0,D,9.8,1.0,83,5.5,738174.0
H0168,Downtown,2.8,1849,4815,3,2.4,1,1999,25,3,1,6.9,2,0,1,0,0,Gas,1,D,6.2,14.6,68,8.0,815062.0
H0169,Downtown,6.7,2796,5335,3,2.5,2,2017,7,4,0,,1,0,1,0,0,Gas,0,C,4.3,,82,8.9,968075.0
H0170,Suburban,5.2,2333,4575,4,3.4,3,1979,45,4,1,9.2,0,0,1,1,0,Gas,1,B,9.9,17.7,52,9.1,910181.0
H0171,Rural,8.7,2273,4559,2,1.3,2,2024,0,5,0,,2,1,1,0,1,Gas,1,D,4.3,16.6,22,8.8,788479.0
H0172,Downtown,22.1,3299,8137,3,2.3,2,1964,60,3,1,3.6,2,0,1,1,1,Gas,0,C,6.1,25.9,80,6.2,1025159.0
H0173,Suburban,10.6,1613,2625,4,3.3,2,2024,0,4,0,,2,0,1,0,0,Gas,0,E,8.2,,59,8.4,767969.0
H0174,Downtown,1.9,2556,6375,3,2.7,2,1987,37,4,0,,2,0,0,1,0,Electric,1,D,5.9,7.7,82,9.9,990784.0
H0175,Rural,0.5,2034,5653,3,2.6,1,1990,34,4,1,6.9,1,0,0,0,0,Gas,1,B,5.2,4.5,29,10.0,734444.0
H0176,Downtown,2.4,2161,5852,3,2.1,1,1957,67,2,0,,2,0,1,1,0,Gas,1,B,6.4,18.9,100,10.0,761677.0
H0177,Rural,7.2,2917,7166,1,1.0,1,1985,39,5,0,,2,1,0,1,0,Electric,1,E,7.4,2.3,47,5.2,880223.0
H0178,Suburban,0.5,2304,8289,2,1.5,2,1974,50,4,1,4.5,1,1,1,0,0,Oil,1,D,7.0,13.6,86,10.0,897494.0
H0179,Mountain,5.5,2322,4326,3,2.5,2,1982,42,5,1,6.4,3,0,1,1,0,Gas,1,E,6.5,34.0,0,5.6,871473.0
H0180,Downtown,7.3,2643,7305,3,2.2,1,1992,32,4,0,,1,0,0,1,0,Gas,0,A,8.6,40.0,88,6.9,911744.0
H0181,Suburban,3.3,1781,2947,1,1.0,2,2014,10,5,0,,3,1,1,0,0,Gas,1,D,7.7,1.0,58,9.0,804426.0
H0182,Downtown,11.8,1496,2510,4,3.3,2,1999,25,5,0,,3,1,0,1,0,Electric,1,D,6.1,3.0,66,8.7,810833.0
H0183,Mountain,0.9,1373,4029,6,4.4,2,2001,23,4,0,,2,0,1,0,1,Gas,1,E,7.3,7.7,32,5.3,815271.0
H0184,Beachfront,0.6,820,2390,4,3.4,1,1973,51,3,0,,3,0,1,1,1,Gas,1,B,6.9,25.7,0,9.8,702332.0
H0185,Suburban,10.4,3233,11946,5,3.7,2,1977,47,3,0,,2,0,1,0,0,Gas,1,C,7.3,2.3,57,9.1,1087902.0
H0186,Rural,5.5,1338,3873,3,2.1,1,2024,0,5,0,,1,0,1,0,0,Gas,0,C,2.0,1.0,34,10.0,644266.0
H0187,Beachfront,9.3,1867,7280,5,3.7,1,1980,44,2,0,,2,0,0,0,0,Gas,1,E,2.9,5.4,29,7.1,839871.0
H0188,Suburban,4.6,1833,2972,2,1.8,3,2024,0,5,0,,0,0,1,0,0,Gas,1,F,7.2,1.0,71,8.6,727827.0
H0189,Suburban,2.3,2184,3811,5,3.4,1,1990,34,5,1,8.0,1,0,1,1,0,Oil,1,G,,,57,8.6,859091.0
H0190,Downtown,13.7,2489,4007,6,4.2,1,1995,29,2,1,4.1,2,0,1,1,0,Electric,0,F,6.8,33.0,96,6.7,1001149.0
H0191,Downtown,12.9,2516,4939,4,3.5,2,2016,8,5,0,,1,1,1,0,1,Gas,1,A,5.3,6.0,100,5.9,1000653.0
H0192,Beachfront,9.5,1650,4707,6,4.2,1,2020,4,5,0,,1,1,1,0,0,Gas,1,A,4.0,1.0,63,6.8,1062747.0
H0193,Beachfront,2.5,1899,5913,4,3.1,2,1992,32,3,0,,2,0,1,1,1,Gas,1,B,6.7,24.6,48,10.0,920488.0
H0194,Rural,7.1,2169,3500,3,2.3,1,1987,37,4,1,2.3,3,1,1,0,0,Gas,0,C,6.4,2.6,11,8.8,823367.0
H0195,Suburban,3.6,1850,7150,3,2.2,1,1993,31,4,0,,0,0,0,0,0,Oil,1,E,8.2,,50,10.0,803579.0
H0196,Suburban,0.8,2964,10686,4,3.1,1,2001,23,5,0,,1,1,1,0,0,Solar,0,E,7.7,18.3,37,10.0,1068646.0
H0197,Rural,19.9,2294,5142,2,1.2,1,2012,12,5,1,3.5,1,0,1,0,0,Gas,1,B,8.9,9.0,46,7.1,754104.0
H0198,Beachfront,1.2,2440,4130,4,3.1,2,1995,29,3,0,,2,0,1,0,0,Gas,1,D,6.7,7.7,0,10.0,996992.0
H0199,Beachfront,24.0,2397,4613,6,4.4,2,2007,17,5,1,2.5,1,0,0,1,0,Gas,0,E,4.7,9.8,23,2.6,1110672.0
H0200,Rural,4.7,2704,4914,2,1.7,2,2024,0,5,0,,2,0,1,0,0,Electric,1,C,7.6,14.1,4,7.8,891401.0
H0201,Rural,1.6,2108,3811,4,2.6,3,2002,22,4,1,7.9,1,1,0,1,0,Electric,1,B,7.1,16.8,26,9.3,839018.0
H0202,Downtown,6.2,1221,3414,5,3.8,1,2001,23,3,0,,1,0,1,0,0,Oil,1,C,6.1,18.6,71,8.7,754273.0
H0203,Downtown,16.5,2239,4734,5,3.4,2,1964,60,4,0,,3,0,1,0,1,Electric,1,C,6.5,10.6,89,5.7,872005.0
H0204,Beachfront,10.5,1609,3854,5,3.5,2,1950,74,3,0,,0,0,1,1,0,Gas,1,D,4.8,6.1,21,9.3,703007.0
H0205,Rural,13.1,1682,6683,3,2.0,3,2002,22,4,0,,2,0,1,0,0,Electric,1,C,4.3,2.6,19,10.0,681026.0
H0206,Downtown,8.6,2351,7548,6,4.2,1,1993,31,3,0,,0,0,0,0,0,Electric,1,A,7.5,4.4,92,8.6,919148.0
H0207,Downtown,9.4,2742,10618,4,3.3,2,1984,40,3,0,,2,0,0,1,1,Electric,1,G,5.6,24.9,92,8.2,1083507.0
H0208,Rural,15.1,2012,3735,2,1.3,2,1999,25,4,0,,2,1,1,0,0,Gas,1,D,5.8,18.9,38,8.2,642500.0
H0209,Downtown,2.3,2185,5364,3,2.7,1,1993,31,4,1,0.4,1,1,0,1,0,Electric,0,C,6.6,9.4,85,6.7,971690.0
H0210,Downtown,5.4,3021,8721,4,3.5,2,2017,7,5,0,,1,1,1,0,0,Electric,1,F,6.5,18.1,76,9.0,1182380.0
H0211,Suburban,2.0,2144,3627,3,2.3,1,1996,28,5,1,4.5,1,0,0,1,0,Electric,1,B,9.6,23.6,61,10.0,827239.0
H0212,Rural,35.2,3561,5378,4,2.6,2,1980,44,4,1,1.0,2,0,1,0,0,Electric,1,B,8.6,2.3,38,2.0,890595.0
H0213,Rural,23.1,2339,7428,4,2.9,3,2014,10,5,0,,2,0,1,0,1,Electric,1,E,6.2,22.7,0,3.5,868494.0
H0214,Downtown,0.5,943,2927,2,1.8,2,1990,34,3,0,,2,0,1,1,1,Electric,1,C,5.6,32.0,96,9.6,627165.0
H0215,Rural,9.8,2452,6196,4,2.9,2,2005,19,4,1,8.7,2,0,1,1,0,Electric,1,,6.9,17.1,35,8.0,895012.0
H0216,Downtown,20.7,2228,6069,4,2.6,1,1985,39,4,0,,1,1,1,0,0,Electric,1,C,6.5,1.0,80,4.5,828472.0
H0217,Suburban,1.6,2773,7039,3,2.3,3,1982,42,3,0,,1,0,1,0,0,Gas,1,A,6.0,8.3,56,10.0,899120.0
H0218,Rural,6.7,2403,3748,1,1.1,2,1996,28,4,0,,1,1,1,0,0,Gas,0,D,7.1,16.3,0,7.9,636618.0
H0219,Rural,19.8,1916,4480,1,1.0,1,1995,29,4,1,9.6,1,1,1,1,1,Gas,1,B,7.4,12.0,23,4.3,701196.0
H0220,Beachfront,0.5,1265,2457,3,1.9,2,2004,20,3,0,,1,1,1,1,0,Electric,1,D,8.7,8.0,57,9.8,804216.0
H0221,Rural,9.6,1874,3272,5,3.9,2,1989,35,4,1,8.0,2,1,0,1,0,Electric,1,D,7.8,32.3,30,9.4,768572.0
H0222,Suburban,2.8,1489,5794,3,2.0,1,1958,66,3,0,,2,0,1,0,0,Solar,1,E,5.5,,65,9.5,598095.0
H0223,Downtown,20.7,1651,4950,4,2.7,1,1986,38,3,1,3.4,3,0,0,1,1,Gas,0,E,3.8,2.4,81,6.6,746682.0
H0224,Suburban,28.3,2353,7815,3,2.6,1,2010,14,4,1,2.3,1,0,1,0,0,Gas,0,B,8.7,1.0,19,3.0,847119.0
H0225,Suburban,23.1,3001,6867,3,2.0,2,1989,35,3,0,,2,0,1,0,0,Gas,1,E,7.1,1.2,64,7.6,886300.0
H0226,Downtown,5.1,2236,5551,4,2.8,2,1990,34,5,0,,2,0,0,0,0,Gas,1,D,5.1,18.5,70,9.8,828308.0
H0227,Mountain,15.8,1282,2682,4,2.5,2,2014,10,4,0,,2,0,0,1,0,Electric,1,D,2.5,3.9,36,8.4,714695.0
H0228,Suburban,14.9,2266,3948,2,1.9,2,1980,44,4,1,2.6,1,0,0,1,1,Gas,1,E,8.8,12.2,46,7.6,751942.0
H0229,Beachfront,3.1,2717,5291,3,2.5,2,1964,60,4,0,,1,1,1,0,0,Electric,0,D,6.3,1.4,45,10.0,975024.0
H0230,Rural,14.1,1634,5708,1,1.0,2,1991,33,4,1,1.7,0,1,1,1,0,Electric,0,C,3.0,29.9,65,5.9,586809.0
H0231,Rural,0.5,1919,6129,3,2.5,1,1985,39,3,0,,1,0,1,1,0,Gas,1,D,6.9,3.0,20,9.2,720483.0
H0232,Suburban,7.3,2008,5757,4,2.7,2,1975,49,1,1,0.1,2,0,1,0,1,Oil,1,C,5.3,4.5,74,10.0,754775.0
H0233,Suburban,2.1,1529,4109,2,1.5,2,1991,33,3,1,4.8,0,0,1,0,0,Gas,1,B,10.0,2.6,48,10.0,699118.0
H0234,Suburban,1.0,2388,9088,3,2.1,2,2004,20,3,1,3.3,1,0,0,1,0,Gas,1,D,6.1,6.9,71,8.1,935377.0
H0235,Downtown,0.6,1927,3240,3,1.8,2,1994,30,5,0,,2,1,1,1,0,Oil,1,C,5.1,30.5,84,10.0,875842.0
H0236,Rural,9.5,2251,4955,5,3.7,1,2001,23,4,1,5.7,2,0,0,0,0,Oil,0,A,4.3,1.3,22,7.4,844864.0
H0237,Suburban,3.3,1467,3483,6,4.9,3,2024,0,5,0,,2,0,0,0,1,Gas,1,,6.1,11.0,60,8.3,886970.0
H0238,Downtown,10.3,1737,6003,1,1.0,1,1988,36,2,0,,2,1,0,0,1,Gas,1,D,5.3,20.9,83,8.4,689034.0
H0239,Rural,0.5,2433,9686,4,2.8,2,2000,24,3,0,,1,1,1,0,0,Gas,0,C,4.6,2.1,19,10.0,888328.0
H0240,Downtown,3.0,1776,3732,3,2.0,1,1984,40,4,1,6.9,1,0,0,1,0,Gas,1,D,7.4,16.5,88,10.0,789736.0
H0241,Mountain,6.2,3036,11189,3,2.0,3,1978,46,3,0,,1,0,0,0,1,Solar,1,C,3.2,1.0,9,8.3,939617.0
H0242,Mountain,12.5,1760,6294,4,3.4,1,1983,41,3,0,,2,0,0,1,0,Electric,1,D,7.3,4.6,59,8.3,772837.0
H0243,Beachfront,3.1,2134,4399,5,3.7,1,1985,39,4,1,6.1,3,0,0,0,0,Gas,1,C,9.6,1.0,45,8.8,1085604.0
H0244,Suburban,7.9,2559,6393,5,3.7,1,2002,22,5,1,5.9,0,0,1,0,0,Oil,1,D,8.1,3.4,59,9.0,956316.0
H0245,Downtown,17.4,1148,2897,4,3.3,1,2024,0,5,0,,2,0,1,0,0,Gas,1,C,7.3,30.5,92,8.6,774036.0
H0246,Mountain,7.7,943,3720,3,1.9,1,1980,44,3,0,,1,0,1,1,0,Gas,0,F,7.7,1.0,22,5.4,511398.0
H0247,Suburban,2.1,1084,2116,4,3.0,2,1986,38,4,0,,2,0,0,0,1,Oil,0,F,,17.5,64,10.0,565154.0
H0248,Mountain,0.5,2757,9643,3,2.2,2,1993,31,5,1,1.4,0,0,0,1,1,Oil,1,E,8.4,19.2,29,7.6,1105703.0
H0249,Mountain,16.3,1668,3895,4,3.1,1,2002,22,2,1,2.1,1,1,1,0,0,Oil,0,E,6.9,1.0,49,8.6,769859.0
H0250,Beachfront,0.5,3534,11758,3,2.7,1,2000,24,5,0,,2,0,0,0,0,Electric,1,C,7.8,37.4,60,8.9,1321967.0
H0251,Suburban,16.6,1661,4235,4,3.3,2,2020,4,5,0,,2,0,1,0,0,Electric,0,D,6.3,2.8,49,4.9,1609556.8128834737
H0252,Suburban,6.0,2110,6215,3,2.1,2,1950,74,2,0,,2,1,0,0,0,Gas,1,D,6.6,1.0,24,9.8,643909.0
H0253,Beachfront,22.4,2925,10475,2,1.8,2,1950,74,2,0,,1,0,1,1,0,Electric,0,D,4.0,1.0,22,6.1,950567.0
H0254,Suburban,12.8,3203,11243,5,3.4,2,1985,39,3,1,7.3,1,1,0,0,0,Solar,1,E,8.9,4.2,74,5.9,1141559.0
H0255,Downtown,40.0,3236,11863,2,1.0,1,2016,8,5,0,,1,0,1,1,1,Gas,0,D,1.0,17.2,77,0.1,1011352.0
H0256,Suburban,3.5,2725,4493,3,2.0,1,1963,61,5,0,,2,0,1,0,1,Electric,1,G,9.8,3.2,47,9.0,877770.0
H0257,Mountain,11.7,2614,8443,3,2.1,1,1950,74,3,0,,3,0,1,0,0,Gas,1,C,4.7,14.5,61,5.9,786766.0
H0258,Rural,4.1,2355,4356,1,1.0,2,2006,18,4,1,4.4,2,0,0,0,0,Gas,1,E,8.2,,35,7.6,773070.0
H0259,Suburban,5.2,2467,6265,1,1.0,3,1999,25,4,1,5.9,1,0,1,0,0,Electric,0,D,8.0,3.4,72,9.1,877400.0
H0260,Downtown,7.9,1669,4792,2,1.9,2,1973,51,3,0,,2,0,1,1,1,Gas,0,D,8.2,4.1,100,7.0,730941.0
H0261,Rural,16.6,1509,3782,5,3.8,1,1975,49,2,1,5.3,2,0,0,1,0,Electric,1,C,3.8,22.6,12,7.3,544433.0
H0262,Mountain,33.1,1997,5589,3,2.3,1,1975,49,3,0,,2,0,0,0,0,Gas,1,E,8.1,1.0,14,5.6,620728.0
H0263,Downtown,11.7,1897,7571,5,3.3,1,1997,27,5,1,0.8,1,0,1,0,0,Oil,1,E,10.0,50.0,88,7.4,933035.0
H0264,Suburban,4.3,1728,3176,4,2.5,2,1982,42,2,0,,2,0,0,1,1,Gas,1,B,6.9,5.0,57,9.3,671476.0
H0265,Beachfront,4.4,2417,7706,3,2.3,1,2004,20,5,1,4.4,2,0,1,1,1,Gas,1,D,7.6,5.5,26,10.0,1136249.0
H0266,Rural,10.7,2573,6406,4,2.9,3,1950,74,2,0,,2,0,0,1,0,Gas,1,C,6.3,6.3,0,6.1,741560.0
H0267,Rural,2.2,2053,3762,3,2.6,1,1977,47,3,1,8.2,2,0,1,0,1,Oil,1,G,5.0,2.9,48,10.0,680563.0
H0268,Rural,0.9,2886,5474,4,2.7,3,1972,52,3,0,,1,0,0,0,0,Electric,1,C,7.5,8.8,25,10.0,782805.0
H0269,Suburban,3.5,1314,5089,3,1.8,2,1989,35,5,1,3.9,2,0,1,1,0,Electric,0,B,4.9,8.3,46,10.0,736648.0
H0270,Suburban,2.7,1883,6965,3,2.2,2,1984,40,4,0,,2,0,0,1,1,Gas,1,C,6.9,6.9,65,10.0,785275.0
H0271,Beachfront,2.8,1569,5911,5,3.5,2,2010,14,4,1,8.0,1,1,0,0,1,Gas,0,D,2.5,1.0,38,9.9,1042292.0
H0272,Beachfront,2.1,880,3501,5,3.3,2,1957,67,2,0,,1,0,0,1,0,Gas,1,A,4.6,5.2,36,8.7,629646.0
H0273,Beachfront,0.5,1950,3940,5,4.0,2,1995,29,4,0,,0,0,1,1,0,Electric,1,D,7.3,3.5,57,10.0,981370.0
H0274,Beachfront,0.5,1926,4600,3,1.9,2,2006,18,4,1,4.9,2,0,0,0,1,Gas,1,,,5.4,17,10.0,1007958.0
H0275,Suburban,35.2,2908,9227,4,3.1,2,2024,0,3,0,,1,0,1,0,1,Solar,1,E,9.2,20.4,65,4.6,977839.0
H0276,Suburban,4.5,2378,6443,3,2.0,3,1985,39,5,1,7.7,2,0,0,0,1,Electric,1,A,9.5,5.2,62,9.2,996725.0
H0277,Rural,3.9,1385,3526,3,1.9,2,2001,23,4,0,,1,0,0,0,0,Gas,1,,2.2,1.0,7,8.1,572513.0
H0278,Rural,9.1,3112,7451,3,2.1,2,1958,66,3,0,,3,0,1,1,1,Gas,1,,5.3,4.6,43,8.5,835890.0
H0279,Rural,2.0,2732,8153,4,3.3,2,1950,74,2,1,9.7,1,0,1,0,1,Electric,0,B,4.6,13.7,37,10.0,834996.0
H0280,Rural,24.0,2349,6903,2,1.4,1,2011,13,4,0,,1,0,1,1,0,Gas,0,A,4.7,,34,6.7,766639.0
H0281,Beachfront,12.3,1864,3548,3,2.5,1,1994,30,4,1,4.1,2,0,1,1,1,Gas,1,B,7.2,5.8,36,6.9,967046.0
H0282,Suburban,0.7,1424,3815,5,3.4,2,2018,6,3,0,,2,0,1,0,0,Gas,0,E,7.8,2.3,60,10.0,805995.0
H0283,Suburban,4.3,1776,5121,3,2.5,2,1967,57,5,1,7.3,1,0,1,0,0,Electric,1,A,7.1,5.0,66,7.2,793972.0
H0284,Downtown,16.9,2653,7761,2,1.2,2,2005,19,3,0,,1,0,1,1,0,Electric,1,C,1.8,1.3,100,8.1,887204.0
H0285,Suburban,23.2,3130,6339,2,1.7,2,2024,0,4,0,,1,0,1,1,0,Gas,1,D,,50.0,37,4.2,890824.0
H0286,Downtown,5.0,2925,9815,5,3.8,2,2003,21,4,0,,2,0,1,1,0,Gas,1,D,3.8,11.0,61,10.0,1149628.0
H0287,Suburban,7.6,1706,2666,3,2.7,2,2000,24,5,1,2.9,2,0,1,0,1,Gas,1,E,8.6,9.5,74,6.8,744402.0
H0288,Suburban,1.5,1328,3170,3,2.1,1,1995,29,4,0,,2,0,1,0,0,Electric,1,D,8.6,5.4,71,10.0,696155.0
H0289,Suburban,37.8,2084,7190,4,2.6,2,1963,61,2,0,,2,1,0,0,0,Gas,1,A,7.3,3.5,57,2.9,664175.0
H0290,Suburban,2.1,938,2729,4,2.5,2,2022,2,5,0,,2,0,0,1,1,Gas,0,E,8.0,13.4,69,8.4,751375.0
H0291,Downtown,22.9,2193,4721,3,2.6,1,1982,42,4,1,2.8,1,0,1,0,0,Oil,1,,9.3,19.3,100,6.5,792870.0
H0292,Downtown,8.4,1911,6186,4,3.0,2,2005,19,5,1,0.0,3,1,0,1,0,Solar,1,D,7.0,25.4,99,7.4,1080341.0
H0293,Beachfront,7.5,1720,5019,4,3.3,2,1963,61,3,1,1.3,2,0,1,0,0,Solar,1,D,2.3,4.9,10,9.6,811870.0
H0294,Suburban,5.8,1043,3640,4,2.7,1,1971,53,5,0,,1,0,0,1,0,Oil,1,B,7.4,1.0,61,8.4,566916.0
H0295,Downtown,2.1,2308,7703,2,1.3,1,2023,1,5,0,,1,1,1,1,0,Gas,1,F,6.1,21.6,87,7.0,1066951.0
H0296,Suburban,1.6,1680,5082,5,3.3,3,1988,36,3,0,,1,0,0,0,1,Gas,1,,5.5,1.0,62,8.2,773201.0
H0297,Rural,2.0,1298,3531,3,2.7,1,2024,0,5,0,,1,0,1,1,0,Gas,1,A,1.0,2.3,16,9.0,640138.0
H0298,Downtown,1.7,800,1466,3,2.4,1,1993,31,4,0,,2,1,0,0,1,Gas,1,F,8.7,3.0,75,10.0,633616.0
H0299,Rural,12.1,1983,4270,3,2.7,1,1958,66,3,0,,2,1,1,0,0,Solar,0,D,7.4,10.8,17,8.9,620495.0
H0300,Downtown,3.4,3063,7803,1,1.0,2,2012,12,3,0,,2,0,1,0,0,Electric,1,D,7.0,50.0,85,10.0,970819.0
H0301,Downtown,0.5,2996,8982,2,1.6,2,1983,41,3,1,6.8,2,0,0,0,0,Electric,1,D,4.8,9.4,97,10.0,1003450.0
H0302,Suburban,27.8,1725,4802,4,3.2,2,2008,16,4,1,0.6,2,0,1,0,1,Gas,0,E,4.4,7.7,34,3.6,734374.0
H0303,Suburban,17.2,1638,3637,1,1.0,1,1995,29,5,1,4.0,2,0,0,1,0,Oil,1,A,6.0,4.2,66,6.3,724793.0
H0304,Rural,21.0,2281,3458,3,2.6,2,1964,60,3,1,9.6,0,0,0,1,0,Oil,0,C,6.4,20.4,48,5.2,692213.0
H0305,Rural,40.0,1400,3836,3,2.7,1,1998,26,2,0,,1,0,1,0,0,Gas,1,,4.2,5.5,33,1.0,451320.0
H0306,Mountain,1.5,2181,4828,2,1.9,1,2024,0,5,0,,2,0,1,1,0,Oil,1,A,9.0,9.9,40,6.9,939209.0
H0307,Suburban,4.0,2459,8204,6,4.7,2,2004,20,5,0,,0,0,1,1,0,Gas,1,D,10.0,2.0,38,9.2,1068869.0
H0308,Suburban,11.4,2736,4267,3,2.0,1,1993,31,4,1,7.0,0,0,0,1,0,Gas,1,C,7.0,11.4,58,5.8,824364.0
H0309,Rural,9.5,1939,5743,3,2.0,2,2016,8,5,0,,3,0,1,1,0,Electric,0,C,6.1,10.2,50,8.0,807842.0
H0310,Suburban,1.3,1877,7233,3,2.7,3,1999,25,4,0,,2,1,1,0,1,Electric,1,A,7.5,18.8,77,10.0,871230.0
H0311,Suburban,13.5,1473,2851,3,1.8,1,1999,25,4,0,,1,1,1,0,0,Gas,1,D,6.1,1.0,37,6.5,689444.0
H0312,Downtown,2.0,1503,4026,1,1.0,2,1973,51,3,1,0.2,2,0,1,1,0,Gas,1,E,,33.9,85,9.9,730502.0
H0313,Downtown,2.0,1864,3222,4,3.2,2,1999,25,3,0,,2,1,1,0,0,Solar,1,C,8.7,,83,10.0,898573.0
H0314,Mountain,6.2,2220,6802,5,3.9,3,2015,9,4,0,,1,1,0,0,0,Electric,1,D,6.6,1.0,43,9.2,985191.0
H0315,Beachfront,7.2,2548,7328,3,2.7,1,1978,46,4,0,,0,0,0,0,1,Electric,1,B,4.2,4.2,8,9.0,946629.0
H0316,Rural,6.9,1518,3822,4,2.8,2,2023,1,5,0,,3,0,1,0,0,Gas,1,D,6.1,22.8,34,8.1,734253.0
H0317,Suburban,0.8,2895,8115,4,2.8,1,1993,31,4,1,5.3,1,0,1,0,0,Gas,1,,7.2,4.6,42,9.5,963810.0
H0318,Downtown,16.8,1837,6873,4,2.6,2,1977,47,3,1,8.2,1,0,0,0,1,Gas,0,D,8.7,7.0,89,5.2,833129.0
H0319,Downtown,2.5,1987,3955,3,2.2,1,2014,10,4,0,,2,0,0,0,0,Gas,1,D,7.8,19.2,96,10.0,818953.0
H0320,Suburban,1.1,1551,2413,3,2.0,2,1989,35,4,0,,2,0,1,1,0,Gas,1,E,4.9,10.1,82,7.2,648399.0
H0321,Suburban,17.6,800,2923,3,2.1,1,2010,14,4,0,,1,0,1,0,0,Gas,1,C,7.2,,52,7.9,502925.0
H0322,Rural,24.9,2530,7445,4,3.3,1,1989,35,3,0,,1,0,0,0,1,Electric,1,D,8.3,5.6,18,2.9,733798.0
H0323,Rural,15.9,2442,9100,4,3.4,2,1993,31,4,0,,1,0,0,0,1,Gas,1,D,5.1,28.3,47,8.3,815018.0
H0324,Suburban,13.3,1831,5479,2,1.2,2,2004,20,4,0,,3,1,1,0,1,Oil,1,E,7.8,1.1,63,6.8,787664.0
H0325,Mountain,8.5,2040,7191,3,2.1,2,2000,24,4,1,4.0,1,0,1,0,0,Gas,1,C,6.1,18.1,7,6.4,796412.0
H0326,Rural,6.4,2309,5943,5,4.2,2,1955,69,4,0,,2,1,1,0,1,Gas,0,C,4.4,9.4,38,9.6,850799.0
H0327,Suburban,0.7,1062,3583,4,2.6,1,1972,52,3,0,,3,0,1,0,0,Gas,1,E,7.8,2.4,57,10.0,561820.0
H0328,Rural,4.2,1682,6362,6,4.1,2,2013,11,5,0,,1,1,1,1,0,Gas,0,A,4.6,18.6,57,8.5,874097.0
H0329,Suburban,3.7,2476,7255,4,2.7,2,1992,32,3,0,,3,0,1,0,1,Gas,1,B,8.3,4.5,16,10.0,896553.0
H0330,Downtown,2.4,1247,2434,3,2.3,1,1984,40,3,0,,3,0,1,0,0,Solar,1,B,6.3,1.0,90,6.1,649514.0
H0331,Suburban,10.3,2176,4726,4,2.7,2,1967,57,3,0,,3,0,0,0,0,Electric,1,E,7.6,3.9,65,6.0,789470.0
H0332,Rural,5.5,1186,2367,4,3.5,2,1973,51,2,1,3.6,1,0,1,1,0,Gas,0,A,3.6,15.2,54,10.0,527052.0
H0333,Downtown,0.7,2279,4824,2,1.4,2,1954,70,2,0,,2,1,1,1,0,Gas,1,E,2.3,16.7,90,9.5,761654.0
H0334,Downtown,2.0,1978,4482,3,2.3,2,1992,32,4,0,,2,0,1,1,1,Electric,1,C,4.4,19.7,85,6.8,841254.0
H0335,Downtown,9.2,1030,2974,4,2.7,2,1983,41,3,1,4.4,3,1,0,0,0,Electric,1,A,8.9,25.1,76,7.1,726476.0
H0336,Downtown,0.6,2698,8013,2,1.5,1,1975,49,4,0,,1,0,1,0,0,Gas,1,C,6.7,22.9,80,8.5,906921.0
H0337,Beachfront,15.2,1559,4000,4,3.2,1,1993,31,4,0,,2,0,1,0,0,Electric,0,B,7.2,4.2,15,6.7,766570.0
H0338,Rural,5.5,1513,4597,4,3.3,2,2002,22,5,0,,1,1,0,1,1,Oil,1,D,7.5,1.5,45,8.4,765797.0
H0339,Suburban,5.2,2120,3612,5,4.0,1,2024,0,4,1,4.9,1,0,1,0,1,Electric,1,D,6.7,1.0,71,9.2,962613.0
H0340,Downtown,7.2,2689,4623,1,1.0,1,1964,60,3,0,,2,0,1,1,0,Oil,1,D,8.8,12.6,87,8.5,918563.0
H0341,Suburban,13.9,1390,2682,3,2.7,2,2018,6,5,0,,2,1,1,1,1,Oil,1,A,7.7,6.1,62,9.3,734002.0
H0342,Suburban,3.4,2037,5693,4,3.3,2,2014,10,4,1,2.9,2,1,1,1,1,Oil,1,D,5.3,5.3,50,10.0,993551.0
H0343,Downtown,9.1,2257,4592,3,2.5,1,1979,45,4,0,,2,1,1,0,0,Gas,1,E,6.9,17.7,84,8.9,837950.0
H0344,Suburban,6.7,2415,5332,4,2.6,2,1999,25,5,0,,3,1,1,1,0,Electric,1,D,5.8,2.3,66,10.0,1056274.0
H0345,Suburban,2.5,2105,5264,4,2.5,2,1985,39,3,0,,1,0,0,0,0,Electric,0,E,8.9,9.2,75,8.9,732208.0
H0346,Rural,16.9,1779,6279,2,1.2,1,1998,26,4,1,0.9,2,1,0,0,1,Electric,0,B,2.4,9.7,30,4.7,686278.0
H0347,Rural,12.8,1503,2306,3,2.4,2,2024,0,5,0,,1,0,1,0,0,Solar,1,,8.3,3.5,40,9.3,620193.0
H0348,Downtown,8.6,2051,6406,3,2.2,2,2007,17,4,1,1.5,1,1,1,1,0,Gas,0,C,6.0,37.0,78,8.5,943248.0
H0349,Suburban,15.2,1356,4301,3,2.2,2,2005,19,3,0,,2,0,1,0,0,Gas,1,A,,8.3,56,7.2,632944.0
H0350,Rural,16.2,800,2797,5,4.1,2,1986,38,3,0,,3,0,1,0,1,Gas,1,E,6.8,10.0,48,5.8,553585.0
H0351,Suburban,9.9,2261,8663,4,3.4,1,1965,59,2,0,,2,0,0,0,0,Gas,1,F,6.0,2.6,67,7.1,737375.0
H0352,Beachfront,14.5,2542,3940,4,3.4,2,1990,34,5,1,1.5,2,0,1,1,1,Gas,1,D,3.0,1.0,41,8.4,1093433.0
H0353,Rural,9.6,800,1507,4,2.8,1,2019,5,5,1,2.4,0,0,0,1,1,Electric,1,C,9.4,16.0,53,9.6,599491.0
H0354,Downtown,9.1,1394,5179,3,2.4,3,1964,60,2,0,,1,1,1,1,0,Gas,0,C,6.2,1.7,94,9.4,705136.0
H0355,Downtown,7.7,2371,6274,5,3.5,2,1973,51,4,1,5.2,2,1,1,0,0,Electric,1,C,5.4,1.0,92,9.6,1065845.0
H0356,Rural,11.2,3234,9415,4,2.7,2,1997,27,3,0,,0,0,1,0,0,Electric,0,E,5.2,3.7,33,8.6,897055.0
H0357,Downtown,1.4,2012,6353,4,2.7,1,1975,49,2,0,,1,1,0,0,1,Gas,1,B,3.0,5.1,97,9.9,813506.0
H0358,Suburban,17.0,1563,4997,5,3.6,1,1979,45,3,1,3.9,2,0,0,0,0,Gas,1,E,7.2,8.4,64,6.3,691411.0
H0359,Mountain,16.4,1890,7237,3,2.2,1,1986,38,4,0,,0,0,1,1,0,Electric,1,C,8.6,15.7,12,8.5,777247.0
H0360,Suburban,0.5,2824,11274,4,3.3,2,1967,57,3,0,,1,0,1,0,0,Electric,1,E,7.6,1.2,66,9.3,1000832.0
H0361,Suburban,14.0,1612,5320,2,1.1,1,1975,49,3,1,3.8,2,1,1,0,0,Oil,1,E,10.0,4.5,69,7.8,688962.0
H0362,Rural,1.1,1520,3371,3,2.5,2,2009,15,4,1,3.2,2,0,0,0,1,Oil,1,C,1.9,1.0,39,8.6,650351.0
H0363,Suburban,3.3,1710,6325,3,2.3,1,1968,56,3,1,6.8,3,0,1,1,0,Solar,1,C,5.1,3.9,46,8.4,770063.0
H0364,Suburban,10.9,1428,2317,6,4.3,3,1963,61,3,0,,2,0,1,0,1,Electric,1,E,5.8,1.0,58,7.5,682353.0
H0365,Mountain,1.4,2073,4307,5,3.7,1,1982,42,2,0,,2,0,0,0,0,Oil,1,,6.8,18.3,40,8.5,744724.0
H0366,Suburban,13.6,2974,11133,4,2.8,3,2009,15,4,0,,3,0,1,1,0,Oil,1,D,10.0,6.0,59,8.5,1134300.0
H0367,Mountain,14.3,2193,4694,4,3.1,3,1991,33,3,1,1.9,2,0,0,0,1,Oil,0,D,8.7,15.2,52,5.1,886529.0
H0368,Beachfront,5.7,1848,3791,4,2.9,2,1985,39,4,0,,1,0,1,1,0,Gas,1,B,5.5,1.0,27,9.0,845148.0
H0369,Downtown,0.5,1824,3365,5,3.4,2,1995,29,3,0,,1,0,1,0,1,Solar,0,,6.9,22.0,77,10.0,765704.0
H0370,Downtown,2.7,1062,3873,3,1.9,2,1960,64,4,0,,2,1,1,1,0,Gas,1,B,5.4,21.3,90,6.7,628639.0
H0371,Downtown,7.7,2529,6955,3,2.3,2,2004,20,4,1,6.6,2,0,1,0,0,Electric,1,F,10.0,16.7,92,7.8,1036655.0
H0372,Downtown,31.8,1953,6224,2,1.9,1,2002,22,3,1,2.6,2,0,1,0,0,Gas,1,C,8.3,8.9,100,4.0,753961.0
H0373,Downtown,8.0,1891,3966,4,2.8,1,1986,38,3,0,,2,0,0,1,1,Gas,1,D,6.3,33.2,96,9.0,703132.0
H0374,Rural,2.4,3915,13291,4,3.2,2,2015,9,5,0,,2,1,1,0,1,Gas,1,C,6.4,1.8,35,9.2,1303930.0
H0375,Downtown,8.0,2179,7408,3,2.4,2,1972,52,4,1,3.1,3,0,1,0,0,Gas,1,C,8.9,50.0,79,9.4,932807.0
H0376,Suburban,6.2,1548,3531,1,1.2,2,2017,7,4,0,,2,1,1,0,0,Gas,1,C,6.7,1.0,59,8.6,661987.0
H0377,Beachfront,12.1,1744,4406,4,3.3,1,1998,26,3,0,,1,0,0,1,0,Oil,1,D,9.1,11.4,25,7.6,845019.0
H0378,Downtown,0.9,2689,5443,1,1.0,1,1988,36,4,0,,2,1,1,0,0,Gas,1,D,1.6,5.8,80,10.0,932932.0
H0379,Beachfront,11.5,2067,8146,4,3.2,1,1994,30,3,1,0.2,1,0,0,1,1,Gas,1,E,6.9,10.4,56,9.1,1017431.0
H0380,Suburban,6.2,1137,3540,6,4.9,1,1992,32,3,0,,2,0,0,1,0,Gas,1,C,7.9,9.2,73,7.7,713174.0
H0381,Downtown,26.4,2551,9786,3,2.1,1,2019,5,5,0,,3,0,1,1,1,Electric,1,D,9.5,12.0,83,4.0,1058504.0
H0382,Rural,3.3,1599,3611,3,2.1,1,1973,51,3,0,,2,0,0,0,0,Gas,1,D,9.1,1.2,27,8.3,620919.0
H0383,Rural,8.0,3123,10789,4,2.5,1,1979,45,4,1,5.6,2,1,1,0,1,Gas,1,B,6.1,11.3,27,7.9,1042405.0
H0384,Beachfront,21.5,2648,9041,4,3.3,2,2015,9,4,0,,2,1,1,1,0,Gas,1,C,9.1,10.2,41,7.8,1211583.0
H0385,Rural,0.9,1731,5589,3,2.6,1,1983,41,3,1,3.0,1,0,1,0,0,Electric,1,D,9.6,3.8,56,10.0,750525.0
H0386,Beachfront,22.1,2768,10834,5,3.4,2,2013,11,5,0,,1,0,1,0,1,Gas,1,C,6.1,1.0,21,3.9,1207219.0
H0387,Suburban,9.3,2040,5067,2,1.6,1,2024,0,5,0,,2,0,1,0,0,Gas,1,C,,,68,7.2,830287.0
H0388,Downtown,0.6,2511,4587,3,2.2,2,1986,38,4,0,,2,0,0,0,1,Gas,1,D,5.9,5.9,75,10.0,879450.0
H0389,Rural,2.9,2290,7280,4,2.6,2,2008,16,5,1,1.0,2,0,1,0,1,Solar,1,B,5.6,1.0,3,8.1,929707.0
H0390,Beachfront,9.9,1492,4958,5,4.2,1,1971,53,4,0,,1,1,1,0,0,Gas,1,D,7.7,2.1,15,6.9,884174.0
H0391,Mountain,0.6,1613,4738,2,1.2,2,2010,14,5,0,,2,1,1,1,0,Electric,1,F,5.3,,26,10.0,842982.0
H0392,Suburban,7.0,2617,5278,4,2.6,1,1998,26,4,1,5.5,2,0,1,0,0,Gas,1,D,8.7,1.0,46,7.7,936095.0
H0393,Suburban,3.4,1799,4967,4,3.1,2,2004,20,3,1,3.6,2,1,0,0,0,Gas,1,D,8.7,1.0,68,10.0,855366.0
H0394,Rural,7.8,1757,4006,3,2.5,1,1982,42,3,1,1.3,2,0,1,0,0,Gas,1,A,,18.1,43,10.0,612043.0
H0395,Suburban,0.5,1426,3662,2,1.0,3,1961,63,3,0,,2,0,0,0,0,Gas,1,E,8.0,7.0,67,8.8,508386.0
H0396,Mountain,16.4,2254,7016,5,3.9,2,2005,19,5,0,,2,0,1,0,0,Gas,0,C,6.7,21.8,49,5.4,918761.0
H0397,Beachfront,29.0,3237,10886,2,1.5,1,1953,71,2,1,2.0,2,0,0,1,0,Gas,1,D,4.6,3.4,52,3.8,1025379.0
H0398,Suburban,27.8,1359,2827,3,1.9,2,1988,36,3,0,,3,0,1,1,0,Gas,1,F,7.8,9.0,62,2.8,600095.0
H0399,Rural,11.1,2014,5061,3,1.9,1,2013,11,4,0,,1,0,1,0,0,Electric,0,D,7.4,1.8,23,8.0,736978.0
H0400,Rural,1.1,2847,6186,5,3.8,2,1998,26,4,1,5.9,3,0,1,0,0,Solar,1,D,8.9,7.7,64,9.5,997019.0
H0401,Downtown,11.4,1952,3897,4,2.8,2,2024,0,5,1,1.0,1,0,1,0,0,Gas,1,C,7.8,23.0,86,8.3,938943.0
H0402,Beachfront,0.5,2271,7854,4,3.4,2,2015,9,4,0,,0,1,1,1,0,Electric,0,A,8.2,1.0,34,10.0,1128108.0
H0403,Suburban,0.5,1362,5139,3,2.6,1,1981,43,4,1,7.0,3,0,1,1,0,Solar,1,E,7.7,21.5,60,10.0,752506.0
H0404,Beachfront,3.1,2256,5472,4,3.5,2,1995,29,4,1,7.9,1,1,1,1,0,Oil,1,A,7.6,6.5,35,10.0,1111828.0
H0405,Suburban,5.4,1887,6374,4,2.8,2,1994,30,4,1,6.3,2,1,1,0,0,Gas,1,D,9.0,20.9,57,6.0,927822.0
H0406,Beachfront,11.8,2591,9696,4,3.5,1,1963,61,2,1,1.5,2,0,1,1,1,Electric,1,,4.6,3.2,31,8.3,1051060.0
H0407,Suburban,9.2,2712,9804,5,3.7,1,1976,48,4,0,,3,0,0,0,0,Gas,1,E,5.5,3.2,58,10.0,927394.0
H0408,Downtown,4.7,3553,6953,1,1.0,1,1983,41,4,1,6.8,3,1,1,0,0,Electric,1,B,4.9,18.9,93,4.5,1073408.0
H0409,Beachfront,2.6,2347,9131,4,2.6,3,1954,70,4,1,0.2,1,0,0,1,1,Gas,1,D,,9.8,26,10.0,1042840.0
H0410,Downtown,40.0,2195,5359,2,1.1,1,1995,29,3,0,,2,1,1,1,1,Gas,1,D,6.6,2.7,91,1.8,767422.0
H0411,Suburban,4.4,2116,4968,3,2.4,2,1990,34,4,1,3.3,1,0,1,0,0,Gas,1,C,7.4,20.8,65,7.8,771262.0
H0412,Mountain,4.8,1788,2961,3,2.2,1,1961,63,2,0,,2,0,1,0,0,Gas,1,C,7.8,1.0,53,10.0,567220.0
H0413,Mountain,1.4,2203,5982,3,2.0,1,2003,21,3,0,,2,1,1,0,0,Electric,1,C,4.1,9.9,51,10.0,858506.0
H0414,Suburban,12.7,1822,3229,3,2.4,2,2009,15,4,0,,1,1,1,0,0,Gas,1,C,8.7,3.2,38,8.6,708614.0
H0415,Rural,9.5,2101,4456,4,2.8,3,1999,25,4,0,,2,1,0,0,1,Electric,1,C,4.6,1.6,21,7.6,728286.0
H0416,Suburban,2.0,2790,6395,3,2.3,2,1988,36,5,1,8.0,2,0,1,1,0,Gas,1,C,7.3,5.7,47,8.2,1011463.0
H0417,Suburban,0.7,1396,4916,4,2.9,2,2006,18,4,0,,2,1,0,1,1,Gas,0,D,9.7,5.6,66,10.0,817988.0
H0418,Suburban,9.1,2683,9896,3,2.6,2,2008,16,3,0,,3,1,1,1,0,Electric,1,C,8.3,,52,9.5,1039217.0
H0419,Rural,8.5,2790,6294,2,1.8,1,2001,23,4,1,0.1,0,1,0,1,1,Solar,1,G,7.0,1.8,32,7.7,869553.0
H0420,Rural,2.6,1929,7034,4,3.0,1,1978,46,2,0,,2,0,1,0,0,Gas,1,D,8.3,4.2,21,9.1,698123.0
H0421,Rural,24.1,800,2914,3,2.1,2,2000,24,4,0,,3,0,1,1,0,Gas,1,B,3.1,4.2,32,9.4,448973.0
H0422,Rural,1.3,1635,5578,3,2.1,3,2018,6,5,0,,2,1,0,0,0,Oil,1,C,6.7,3.1,34,10.0,812092.0
H0423,Downtown,4.5,2778,5185,4,3.3,2,1983,41,4,0,,0,0,1,0,0,Gas,1,E,3.6,2.8,100,10.0,924321.0
H0424,Suburban,23.0,1986,6406,3,2.1,1,2024,0,5,0,,2,0,0,0,0,Oil,1,,7.6,1.0,58,3.2,821586.0
H0425,Downtown,4.4,1400,5407,2,1.2,1,1984,40,3,1,6.1,1,0,1,0,1,Electric,0,D,4.8,16.7,89,8.1,695571.0
H0426,Suburban,8.1,1697,5441,3,1.8,1,1995,29,4,1,7.9,1,0,1,1,0,Gas,1,D,6.4,23.0,74,8.5,779201.0
H0427,Suburban,4.1,2504,5831,5,3.7,3,1981,43,3,0,,2,0,0,1,1,Gas,1,B,10.0,5.3,26,7.7,961367.0
H0428,Beachfront,2.6,2328,6405,4,3.0,2,1999,25,3,1,1.8,2,0,0,0,0,Gas,1,E,4.8,42.5,51,10.0,1040935.0
H0429,Suburban,33.1,1856,5780,4,3.3,2,1960,64,3,0,,3,1,1,1,0,Gas,1,C,7.1,9.0,58,5.5,720953.0
H0430,Downtown,4.2,1779,4939,4,2.7,1,1984,40,2,1,0.2,2,0,0,0,1,Oil,1,C,1.6,5.5,86,8.4,735804.0
H0431,Downtown,18.0,1764,3174,2,1.4,2,1973,51,3,1,8.2,2,0,1,1,0,Electric,0,E,7.9,21.8,91,9.1,688223.0
H0432,Rural,2.1,1446,3297,3,2.6,2,1997,27,3,1,0.1,0,0,0,0,0,Electric,1,D,7.6,19.8,37,9.6,559228.0
H0433,Rural,1.9,2969,10409,4,3.3,1,2014,10,5,0,,2,0,0,0,0,Electric,0,E,6.0,8.0,25,10.0,1055600.0
H0434,Downtown,0.5,1806,6598,2,1.4,2,2007,17,5,0,,1,0,1,0,0,Gas,1,D,2.9,5.4,94,10.0,859412.0
H0435,Downtown,8.4,2730,5032,3,2.2,1,1950,74,1,0,,3,0,0,1,1,Electric,1,D,8.4,1.3,100,9.2,789204.0
H0436,Rural,3.7,2912,11301,3,2.1,1,2024,0,4,0,,1,0,1,0,0,Gas,1,E,4.7,4.8,40,10.0,999296.0
H0437,Downtown,16.0,2598,6032,3,2.7,2,2000,24,4,0,,1,1,0,1,0,Electric,1,A,5.1,11.9,95,8.7,940577.0
H0438,Beachfront,5.1,1741,5494,6,4.1,2,1979,45,3,1,1.1,2,0,0,0,1,Gas,1,D,10.0,1.7,29,9.7,1006555.0
H0439,Rural,27.6,2242,7576,2,1.9,2,1998,26,4,0,,1,0,1,1,0,Electric,0,D,4.6,1.0,10,4.3,686133.0
H0440,Downtown,1.6,1985,7006,3,2.4,2,1998,26,4,0,,1,0,1,1,0,Oil,1,A,7.5,10.8,86,10.0,892541.0
H0441,Downtown,16.2,1457,5630,2,1.5,1,1981,43,3,1,5.2,2,0,1,0,1,Gas,0,D,7.1,1.4,90,5.5,679654.0
H0442,Mountain,12.0,2194,5007,6,4.0,2,1998,26,4,0,,0,1,0,0,0,Gas,0,B,6.8,1.0,27,7.8,923470.0
H0443,Suburban,11.8,1292,4710,2,1.5,2,1982,42,4,0,,0,1,1,1,1,Electric,0,D,5.3,1.5,65,6.0,601173.0
H0444,Suburban,14.9,2712,4960,3,2.2,2,1986,38,2,1,4.2,1,0,1,1,0,Gas,1,D,4.2,4.7,65,4.3,801059.0
H0445,Beachfront,11.5,1721,5614,4,2.7,2,1981,43,3,0,,2,0,0,1,1,Electric,1,F,6.5,3.3,0,7.8,851862.0
H0446,Mountain,7.9,2120,7112,4,3.2,1,1966,58,3,0,,2,0,1,0,1,Solar,1,B,5.9,5.0,19,10.0,767177.0
H0447,Mountain,1.1,2169,6928,3,2.7,1,1997,27,3,1,3.4,2,0,1,0,0,Gas,1,D,9.0,4.5,41,10.0,954170.0
H0448,Rural,0.5,1844,3929,3,2.3,2,2006,18,5,1,9.8,2,1,1,1,0,Gas,0,B,3.4,8.3,14,9.8,793952.0
H0449,Suburban,20.3,2352,8661,3,2.5,1,2005,19,4,0,,1,0,1,0,0,Electric,1,D,9.2,,73,8.6,851390.0
H0450,Downtown,7.7,1715,3296,3,1.8,2,2011,13,4,0,,3,0,1,0,1,Gas,0,D,7.6,6.4,82,7.6,775083.0
H0451,Rural,12.7,2522,4121,3,2.2,1,2001,23,5,0,,0,0,0,0,0,Gas,1,D,7.4,1.0,37,4.6,735258.0
H0452,Suburban,5.3,1192,3926,3,1.9,1,1984,40,3,0,,2,0,1,1,0,Oil,0,E,8.6,15.3,51,5.7,537911.0
H0453,Suburban,1.0,2075,5579,3,2.4,1,2011,13,3,0,,3,0,0,1,0,Electric,1,E,4.5,5.6,38,8.0,825958.0
H0454,Beachfront,1.1,3163,11458,3,2.7,3,1967,57,2,0,,2,0,1,0,1,Gas,1,A,2.3,11.6,24,10.0,1122997.0
H0455,Downtown,9.3,1399,3439,4,3.2,1,1976,48,4,0,,1,1,1,0,0,Gas,1,C,5.9,1.4,85,7.2,743702.0
H0456,Suburban,4.5,1593,3059,5,3.3,2,1975,49,3,0,,1,0,1,0,0,Electric,1,D,8.1,14.1,72,9.8,665874.0
H0457,Downtown,1.8,2308,8288,4,2.9,2,2016,8,4,0,,2,0,1,0,0,Electric,1,D,4.5,29.1,84,10.0,981220.0
H0458,Suburban,5.4,2107,6051,2,1.6,1,2013,11,5,0,,0,0,0,0,0,Oil,0,B,9.4,8.1,85,7.3,782975.0
H0459,Downtown,0.5,2210,4360,2,1.4,2,2004,20,4,1,0.7,2,1,1,1,0,Gas,1,D,5.0,1.0,72,10.0,1009632.0
H0460,Downtown,7.0,2293,7569,5,4.1,2,2016,8,4,0,,2,0,1,0,0,Oil,1,C,4.8,50.0,83,9.4,1042588.0
H0461,Downtown,2.5,2380,6611,3,2.6,2,1977,47,3,0,,2,1,1,0,1,Electric,0,C,1.2,26.5,77,8.2,861826.0
H0462,Rural,12.8,2665,8023,2,1.6,2,2001,23,5,1,8.4,1,1,1,1,1,Electric,1,E,7.4,11.1,43,9.5,954098.0
H0463,Rural,3.0,2245,5954,4,2.9,1,1992,32,5,1,6.2,2,1,0,0,0,Electric,0,C,10.0,1.0,0,9.0,961072.0
H0464,Suburban,4.9,1855,6625,4,2.8,1,2011,13,5,0,,2,0,1,0,0,Gas,1,A,7.8,12.8,63,8.5,852113.0
H0465,Mountain,0.5,2403,8588,4,2.6,3,1992,32,5,1,0.3,2,0,0,0,0,Solar,0,A,5.6,1.2,40,10.0,1061133.0
H0466,Suburban,0.6,3139,10275,3,2.1,1,1987,37,3,0,,0,0,1,0,0,Gas,1,E,5.2,,97,10.0,1015744.0
H0467,Suburban,4.0,1920,3385,1,1.0,2,2005,19,3,0,,0,0,0,1,0,Gas,1,F,10.0,6.9,82,10.0,639679.0
H0468,Beachfront,5.2,1415,5089,5,3.9,2,2012,12,5,0,,1,0,1,0,0,Oil,0,D,6.2,2.5,28,10.0,979244.0
H0469,Downtown,7.3,2664,8464,3,2.4,1,1981,43,3,1,7.1,1,0,1,0,0,Electric,1,C,5.9,1.0,81,7.6,984303.0
H0470,Mountain,2.8,1927,6248,4,2.6,2,1993,31,3,1,2.1,2,1,0,1,1,Oil,1,F,4.3,7.5,0,10.0,883150.0
H0471,Downtown,9.5,800,1925,4,2.9,1,1973,51,3,0,,3,0,1,1,1,Electric,1,D,9.4,2.4,81,7.3,579635.0
H0472,Mountain,15.7,2508,9275,4,2.7,1,1950,74,2,0,,1,0,1,0,0,Gas,1,E,3.0,8.5,24,6.0,722698.0
H0473,Downtown,12.1,1678,5559,3,1.9,1,1999,25,4,0,,2,0,1,0,0,Oil,1,D,7.4,15.2,92,7.2,789292.0
H0474,Beachfront,0.5,1945,3464,3,2.6,2,2007,17,5,1,3.4,0,0,0,1,1,Gas,1,C,5.8,1.4,22,9.0,927513.0
H0475,Suburban,5.2,2199,5540,4,2.5,1,2000,24,4,0,,1,0,0,0,1,Oil,1,C,9.1,7.3,48,10.0,823867.0
H0476,Mountain,0.9,2114,7855,5,3.7,2,1956,68,2,0,,0,0,0,1,0,Gas,0,B,,3.3,46,10.0,819697.0
H0477,Downtown,2.2,2425,3923,5,3.4,3,1987,37,3,0,,1,0,0,1,0,Oil,1,C,5.3,8.2,73,8.8,937939.0
H0478,Suburban,34.5,1738,6784,2,1.9,2,1950,74,1,0,,3,0,1,1,0,Gas,0,D,9.9,2.7,87,4.1,521102.0
H0479,Mountain,1.2,2307,7377,2,1.6,2,2022,2,5,1,0.3,0,1,1,0,0,Electric,1,E,6.1,3.5,16,9.3,1036644.0
H0480,Suburban,5.5,1844,5676,5,3.5,2,1973,51,3,1,6.1,2,1,1,0,0,Oil,1,D,6.6,1.0,79,8.4,915810.0
H0481,Rural,7.7,2443,5316,4,3.0,1,2020,4,5,0,,2,1,1,1,0,Gas,1,,,31.9,36,8.5,925728.0
H0482,Rural,9.7,2369,5026,5,4.0,2,2013,11,4,0,,3,0,1,0,0,Electric,0,B,2.4,7.8,20,8.8,825046.0
H0483,Suburban,6.6,1438,5543,3,2.7,2,1976,48,5,1,8.7,1,0,1,0,0,Oil,1,A,7.9,5.6,54,9.3,726336.0
H0484,Rural,0.5,2651,5953,4,2.7,3,1972,52,2,1,7.5,1,0,0,0,0,Electric,1,C,6.2,,19,9.4,800895.0
H0485,Suburban,3.2,1678,5770,4,3.4,3,2002,22,4,0,,0,0,1,0,1,Oil,0,C,7.2,6.2,71,10.0,799685.0
H0486,Beachfront,5.8,2484,6167,4,3.4,2,1978,46,3,1,4.9,2,0,1,1,0,Gas,1,D,2.0,3.8,19,8.5,1030646.0
H0487,Downtown,0.7,2220,4102,3,2.7,2,1997,27,4,1,1.3,1,0,1,0,0,Gas,1,A,5.7,40.9,77,8.9,880895.0
H0488,Suburban,3.5,3102,4736,1,1.0,2,1985,39,4,0,,3,0,0,1,0,Gas,0,G,7.8,5.0,50,7.1,886581.0
H0489,Mountain,0.5,1865,5335,4,3.1,2,1959,65,4,0,,2,0,0,0,0,Gas,1,C,5.7,2.6,39,10.0,762376.0
H0490,Beachfront,0.7,1790,7051,3,2.2,2,1950,74,2,0,,2,1,0,0,0,Gas,1,E,4.7,1.6,27,9.9,792903.0
H0491,Suburban,4.0,1988,4816,3,2.5,1,1999,25,3,1,0.7,2,0,1,0,0,Electric,1,D,8.7,6.5,52,9.5,793685.0
H0492,Rural,1.1,1818,4350,5,3.8,3,1983,41,3,0,,0,0,1,1,0,Gas,1,B,4.9,14.8,26,10.0,671316.0
H0493,Suburban,6.7,2479,5851,3,2.4,2,1983,41,4,0,,2,0,0,1,0,Gas,1,E,8.3,1.3,91,7.9,940922.0
H0494,Downtown,9.4,1030,2885,4,2.9,2,2008,16,5,0,,3,0,1,0,0,Gas,1,D,6.3,17.7,95,6.1,795657.0
H0495,Suburban,12.9,1367,3556,2,1.7,2,2018,6,4,0,,2,0,1,1,1,Oil,1,D,5.6,2.3,44,7.5,672652.0
H0496,Suburban,1.8,1359,5028,4,3.3,3,1989,35,5,1,4.6,3,0,1,0,0,Electric,1,D,7.4,31.2,69,10.0,861006.0
H0497,Suburban,1.5,2570,7102,6,4.1,1,1988,36,4,1,7.4,2,0,1,1,0,Gas,1,,6.1,14.1,58,9.3,1076246.0
H0498,Downtown,0.9,3026,8380,2,1.8,2,2005,19,5,1,6.2,1,1,0,1,0,Oil,0,D,5.9,5.5,85,10.0,1183124.0
H0499,Mountain,8.1,1937,3575,1,1.0,2,1967,57,3,1,8.0,1,1,1,1,0,Gas,0,E,4.6,21.2,3,4.7,605710.0
H0500,Mountain,9.8,1898,7510,3,2.6,1,1999,25,3,0,,0,0,0,1,0,Solar,1,B,8.2,4.7,12,9.7,758236.0
H0501,Rural,0.5,2042,4339,2,1.4,2,2006,18,5,0,,1,0,1,0,0,Electric,1,C,1.3,32.7,10,10.0,634320.0
H0502,Suburban,22.0,2697,4540,4,2.9,2,2008,16,5,0,,1,0,1,0,1,Gas,0,E,5.3,2.8,62,6.3,852361.0
H0503,Suburban,0.5,1443,4556,5,4.2,2,1956,68,3,0,,2,1,1,0,1,Electric,0,C,6.8,2.2,86,4.9,683187.0
H0504,Beachfront,6.2,2143,6404,3,2.0,1,1979,45,3,1,4.9,2,0,1,0,0,Electric,1,D,5.4,8.1,23,10.0,937141.0
H0505,Rural,9.9,2585,6560,3,2.6,2,1977,47,3,0,,3,0,1,1,1,Gas,1,D,4.4,3.8,40,6.5,810015.0
H0506,Downtown,16.4,2300,5877,3,2.2,2,1996,28,3,1,7.9,2,0,1,0,0,Oil,1,D,6.9,8.5,68,6.0,856650.0
H0507,Beachfront,10.0,2113,7316,4,3.0,2,2004,20,5,1,8.2,3,0,1,1,1,Gas,1,C,,2.9,1,7.7,1126388.0
H0508,Beachfront,12.9,2600,5172,1,1.0,1,2024,0,5,1,5.5,0,1,0,0,0,Gas,1,C,6.4,7.7,31,8.0,1063740.0
H0509,Mountain,3.3,800,2840,4,3.1,3,1985,39,3,0,,0,0,1,0,0,Gas,1,A,4.4,2.6,35,10.0,508599.0
H0510,Rural,13.5,2406,7511,4,2.8,2,1985,39,3,0,,2,0,1,1,0,Gas,1,D,6.9,1.0,25,8.6,826982.0
H0511,Rural,0.7,1607,4093,4,2.5,2,2017,7,4,0,,1,0,1,0,0,Gas,0,D,5.2,19.5,29,10.0,680956.0
H0512,Suburban,18.0,901,2383,3,2.0,2,2000,24,3,1,7.5,1,0,1,1,1,Oil,1,D,6.7,17.2,55,6.8,555230.0
H0513,Mountain,6.3,2306,4938,4,2.5,1,2020,4,4,0,,1,1,1,0,1,Gas,1,D,9.0,28.3,41,9.4,903735.0
H0514,Beachfront,13.6,2824,9545,2,2.0,2,2000,24,3,1,0.3,1,1,1,1,0,Gas,1,C,1.0,10.1,6,5.6,1099184.0
H0515,Downtown,4.8,1917,5333,2,2.0,2,1971,53,3,0,,2,0,1,0,1,Electric,0,,6.2,24.9,74,7.9,714988.0
H0516,Downtown,8.3,2571,5918,5,3.6,2,1968,56,2,0,,2,0,1,0,1,Oil,1,E,2.5,21.9,82,9.7,858363.0
H0517,Suburban,6.0,2967,8871,4,3.2,2,1963,61,1,0,,2,0,0,1,0,Solar,0,D,5.1,1.1,82,10.0,898707.0
H0518,Beachfront,10.5,2788,11122,1,1.0,2,2008,16,5,0,,2,0,1,1,0,Electric,0,C,5.1,1.7,43,9.0,1167626.0
H0519,Mountain,0.7,2983,7720,3,2.4,1,2018,6,5,0,,1,0,1,0,0,Solar,1,B,7.5,,38,9.1,1141110.0
H0520,Downtown,0.5,2445,9295,3,2.6,2,2024,0,4,0,,1,0,1,0,0,Electric,1,A,,22.6,99,10.0,1120800.0
H0521,Suburban,2.3,2045,4831,3,2.7,1,2011,13,5,0,,1,0,1,0,0,Solar,1,C,6.3,1.5,77,7.8,813846.0
H0522,Suburban,1.4,1038,1699,3,2.2,1,2018,6,5,0,,1,0,1,0,0,Electric,1,E,7.0,20.5,51,10.0,531941.0
H0523,Mountain,16.4,1852,3723,2,1.8,3,1983,41,4,1,2.8,2,0,1,1,0,Gas,1,E,9.2,5.9,15,6.3,785759.0
H0524,Beachfront,2.0,1494,3804,3,2.0,2,1971,53,2,0,,2,1,1,1,0,Gas,1,E,7.9,10.1,26,10.0,795277.0
H0525,Beachfront,29.8,3302,6766,4,3.5,2,2012,12,5,0,,2,0,0,0,1,Electric,1,E,9.9,1.0,76,1.8,1257750.0
H0526,Suburban,3.3,1894,2842,4,2.5,2,2003,21,4,0,,1,0,1,0,0,Gas,0,E,6.0,2.5,48,10.0,750030.0
H0527,Suburban,1.6,2073,7851,4,3.1,3,1997,27,3,0,,2,0,1,1,0,Gas,1,D,5.6,25.5,47,9.1,875355.0
H0528,Suburban,12.5,2330,8410,2,1.7,2,2002,22,5,0,,2,0,0,0,0,Electric,1,B,10.0,2.5,68,6.9,936686.0
H0529,Downtown,8.6,2026,6798,5,3.9,2,2001,23,5,1,2.3,2,0,1,1,0,Oil,0,E,5.4,2.3,86,8.6,1104012.0
H0530,Beachfront,5.5,3017,5791,4,2.6,1,2020,4,5,0,,2,0,1,0,0,Gas,1,B,3.9,1.8,12,7.9,1117078.0
H0531,Beachfront,6.5,1626,2928,4,3.4,3,2020,4,4,0,,2,1,1,1,0,Electric,1,C,6.2,1.1,28,8.6,969511.0
H0532,Mountain,10.2,2116,3531,4,2.7,2,2005,19,5,0,,2,0,0,0,0,Electric,1,C,4.4,2.1,1,6.9,810209.0
H0533,Mountain,2.1,1554,5143,5,3.9,2,2011,13,4,0,,2,0,0,1,0,Solar,1,D,6.9,8.2,39,8.5,871257.0
H0534,Suburban,40.0,1207,4613,3,2.0,1,2005,19,5,1,7.9,1,0,1,0,0,Oil,1,C,,4.9,73,2.7,611917.0
H0535,Rural,29.4,1632,4204,3,2.1,1,1985,39,2,0,,2,0,0,0,0,Electric,0,B,6.6,6.5,24,2.8,474697.0
H0536,Mountain,8.4,1977,3554,4,3.0,1,2010,14,3,1,1.1,1,0,1,1,0,Electric,0,C,9.4,1.0,28,7.2,892736.0
H0537,Beachfront,1.8,1742,4844,4,2.9,1,1967,57,2,1,1.6,0,0,0,0,0,Gas,1,E,5.9,13.0,28,7.6,827488.0
H0538,Downtown,9.1,1584,3757,4,2.7,2,2016,8,5,0,,3,0,1,0,0,Electric,1,D,7.5,2.8,100,7.4,908979.0
H0539,Suburban,0.6,1156,2817,3,1.9,1,1971,53,2,1,4.0,3,0,0,0,0,Electric,1,E,7.7,1.0,77,10.0,544251.0
H0540,Downtown,0.5,1950,5953,2,1.4,1,2000,24,5,0,,0,0,0,0,1,Oil,1,B,8.6,5.8,70,8.6,812136.0
H0541,Mountain,2.4,1097,3616,3,2.5,1,1978,46,4,1,5.8,2,0,1,1,0,Electric,1,,8.3,1.0,48,8.4,702766.0
H0542,Rural,5.0,2456,4363,5,4.1,1,2006,18,5,1,3.9,1,0,0,1,1,Gas,1,D,5.4,12.6,18,9.3,926835.0
H0543,Downtown,16.2,2049,3255,4,2.6,1,1994,30,5,0,,2,0,1,0,1,Electric,1,C,6.5,15.7,76,6.2,828012.0
H0544,Rural,10.4,1125,4484,3,2.1,2,1963,61,3,0,,2,0,1,1,0,Gas,0,D,3.4,18.6,44,10.0,524003.0
H0545,Rural,10.9,1814,3776,3,1.9,2,2003,21,3,0,,3,1,1,0,0,Gas,1,E,7.0,2.2,9,7.6,675110.0
H0546,Suburban,4.4,1548,2530,3,1.8,1,1983,41,4,0,,2,0,1,1,0,Gas,1,D,6.6,4.9,66,9.6,656843.0
H0547,Downtown,3.4,2191,4326,5,3.9,2,2012,12,4,0,,1,1,0,0,0,Gas,1,F,6.0,3.5,100,10.0,1060193.0
H0548,Rural,3.7,2804,4479,4,3.1,2,1995,29,5,1,1.7,2,0,0,0,0,Oil,1,C,8.1,3.7,37,10.0,939478.0
H0549,Suburban,35.2,874,2167,4,2.7,1,2002,22,5,1,6.6,1,1,1,0,0,Gas,1,B,10.0,5.9,38,3.3,612339.0
H0550,Rural,0.5,2069,7253,3,2.0,2,1975,49,3,1,8.5,3,0,1,0,0,Gas,1,D,9.3,1.0,21,9.7,781139.0
H0551,Suburban,16.1,1903,4477,4,2.5,2,1983,41,2,0,,3,0,1,0,0,Solar,1,B,10.0,,64,9.8,711680.0
H0552,Beachfront,6.9,2402,6270,3,2.6,2,1985,39,3,0,,2,0,1,0,1,Gas,1,C,5.9,6.3,17,8.5,921421.0
H0553,Suburban,4.6,2127,6782,4,3.5,2,2012,12,5,0,,1,0,1,1,0,Gas,1,B,8.6,14.1,62,8.4,985453.0
H0554,Suburban,10.3,1548,4291,3,1.9,1,2024,0,5,0,,1,0,0,0,1,Gas,1,,9.5,2.5,70,7.0,748003.0
H0555,Beachfront,5.3,1808,6605,3,2.0,3,1978,46,3,0,,0,0,1,1,1,Gas,0,B,9.0,18.7,26,6.3,833608.0
H0556,Suburban,16.5,1522,5578,4,3.4,2,2016,8,5,1,0.9,2,0,1,0,1,Gas,1,A,6.8,50.0,60,7.9,828929.0
H0557,Downtown,18.5,2645,4033,5,4.2,3,1951,73,3,1,6.1,2,1,1,1,1,Gas,1,D,6.3,7.1,86,2.8,980005.0
H0558,Downtown,4.4,2012,6931,2,1.4,1,1971,53,3,0,,1,0,1,1,0,Electric,1,D,6.0,21.5,90,9.1,778028.0
H0559,Rural,2.6,3140,8326,4,2.6,3,1975,49,3,0,,2,1,0,1,0,Gas,1,D,9.6,13.4,22,9.2,969798.0
H0560,Rural,7.2,1963,7797,3,1.8,2,1967,57,2,0,,2,0,0,1,0,Gas,1,D,5.3,6.8,33,10.0,654449.0
H0561,Rural,19.5,1574,4262,3,2.3,2,1963,61,3,1,7.9,1,0,1,1,0,Oil,0,B,5.9,1.7,7,3.4,573500.0
H0562,Downtown,1.9,1091,4328,1,1.0,1,2003,21,5,0,,3,0,1,0,1,Gas,1,C,8.9,19.8,87,8.3,684982.0
H0563,Downtown,7.8,918,3108,3,1.8,2,1990,34,3,1,5.9,3,0,1,1,1,Oil,1,B,6.3,2.7,95,8.2,657291.0
H0564,Downtown,8.0,1049,2225,3,2.3,3,2002,22,5,1,4.5,3,0,0,0,0,Gas,0,E,8.3,47.1,73,8.1,723128.0
H0565,Suburban,10.6,2160,6147,2,1.0,2,2008,16,4,0,,1,1,0,0,0,Gas,1,D,7.9,6.2,47,7.1,835922.0
H0566,Suburban,1.1,2305,9174,3,2.5,2,2000,24,3,1,9.6,1,0,1,0,0,Electric,1,B,9.9,2.5,53,9.7,992410.0
H0567,Suburban,10.1,1051,3829,5,3.6,3,2008,16,4,0,,1,0,1,1,0,Gas,1,C,7.9,9.2,55,6.1,703881.0
H0568,Suburban,19.2,2537,4423,2,1.0,2,1993,31,3,1,9.3,1,1,1,0,0,Gas,1,F,,31.1,60,6.7,760575.0
H0569,Beachfront,1.6,1710,5584,4,3.1,2,1971,53,3,0,,1,0,1,0,0,Electric,1,D,5.7,1.6,43,6.2,831207.0
H0570,Suburban,2.2,2088,4935,3,2.1,2,2016,8,5,0,,2,1,1,0,1,Gas,0,E,7.5,3.2,57,9.5,902805.0
H0571,Suburban,28.4,2967,4502,4,3.5,3,1983,41,3,1,4.5,2,1,1,1,0,Electric,0,C,6.9,6.2,45,3.4,969846.0
H0572,Rural,1.6,2538,6367,3,2.3,1,1976,48,3,0,,3,0,1,0,1,Oil,1,B,5.2,1.5,22,10.0,764482.0
H0573,Suburban,15.4,1838,3835,2,1.3,2,1991,33,3,1,0.0,0,0,1,0,0,Gas,1,E,7.3,1.0,99,9.6,638331.0
H0574,Rural,5.4,1465,5196,2,1.7,2,1976,48,3,0,,2,0,0,0,1,Electric,1,D,6.1,3.3,20,8.4,555558.0
H0575,Beachfront,2.3,800,1874,2,1.3,2,1986,38,2,1,5.1,2,1,0,1,0,Electric,1,D,8.6,16.0,25,10.0,677754.0
H0576,Mountain,16.4,1568,5595,2,1.9,2,2001,23,4,1,3.8,2,0,1,1,1,Solar,1,D,9.1,1.0,44,6.3,817378.0
H0577,Downtown,4.7,1873,2812,4,2.9,3,2001,23,4,1,4.5,3,0,1,1,0,Oil,1,D,4.3,1.0,96,7.6,884780.0
H0578,Mountain,5.8,1407,3193,5,3.8,3,1977,47,4,1,9.8,2,1,0,1,0,Oil,1,D,6.2,11.5,31,10.0,746628.0
H0579,Suburban,3.6,1921,4039,4,2.6,1,1985,39,4,0,,3,0,0,0,0,Gas,1,C,7.6,24.5,53,10.0,693361.0
H0580,Suburban,7.2,2046,4263,4,2.9,2,2016,8,4,0,,1,1,1,1,1,Electric,0,C,,33.9,64,8.6,871998.0
H0581,Suburban,1.4,1865,3115,2,1.8,1,2004,20,5,1,1.3,2,0,0,0,0,Gas,1,E,10.0,,61,10.0,813616.0
H0582,Mountain,4.0,1609,3166,3,2.6,1,2024,0,5,0,,0,0,1,0,0,Gas,1,C,6.6,24.0,15,9.6,652028.0
H0583,Suburban,27.9,2101,6069,3,2.0,2,2018,6,5,0,,0,1,0,0,0,Oil,1,D,6.0,1.0,64,4.3,852167.0
H0584,Suburban,2.4,2265,5047,3,2.0,3,2017,7,5,0,,1,0,0,0,0,Gas,1,D,6.7,11.0,76,7.5,884651.0
H0585,Rural,8.6,1345,3420,3,2.6,2,1967,57,2,0,,1,0,1,1,1,Solar,0,G,4.1,8.2,21,7.9,490384.0
H0586,Downtown,3.1,2846,6950,3,2.7,1,2010,14,5,0,,1,0,0,0,0,Gas,1,C,6.4,50.0,77,10.0,961609.0
H0587,Downtown,11.9,1940,7158,3,1.8,1,1993,31,4,0,,1,0,1,1,0,Oil,1,C,8.9,30.2,77,7.4,848829.0
H0588,Downtown,1.1,2011,7567,3,2.2,2,1983,41,2,0,,0,0,0,0,1,Gas,0,E,5.6,36.0,75,10.0,734098.0
H0589,Downtown,28.0,2424,6623,4,2.8,2,1998,26,4,1,2.3,3,1,0,0,1,Gas,1,E,6.3,3.7,91,5.0,1038833.0
H0590,Downtown,4.8,2139,4974,4,3.4,1,2013,11,4,0,,0,0,0,0,1,Gas,1,D,5.5,26.7,86,7.7,2156045.747735186
H0591,Downtown,2.2,2571,4542,3,1.8,2,2005,19,4,0,,2,0,0,1,0,Electric,1,C,1.4,18.5,96,7.6,924130.0
H0592,Rural,0.6,2172,8434,5,3.5,3,1977,47,4,0,,1,0,0,1,0,Gas,0,C,6.0,1.4,44,9.6,907411.0
H0593,Downtown,1.5,1632,2693,5,4.0,2,2009,15,4,0,,3,0,1,0,0,Electric,1,D,6.6,12.7,71,8.9,850420.0
H0594,Suburban,5.9,2216,4972,3,1.8,2,1982,42,3,0,,3,1,1,0,1,Gas,1,E,8.3,,64,9.3,794243.0
H0595,Beachfront,3.3,1313,2947,3,2.2,1,1999,25,4,0,,2,1,0,0,0,Gas,1,E,3.7,11.2,34,8.3,718344.0
H0596,Suburban,14.1,2065,4751,3,2.2,2,1988,36,3,0,,2,0,1,1,0,Gas,1,B,6.9,26.2,48,6.3,732530.0
H0597,Rural,4.5,1980,3783,5,3.6,2,1990,34,3,0,,0,0,1,1,0,Gas,1,C,7.5,2.8,34,10.0,783046.0
H0598,Downtown,2.3,1875,6483,5,3.6,1,2010,14,5,0,,3,0,1,0,0,Oil,1,C,9.9,7.5,84,9.8,992178.0
H0599,Downtown,7.7,1922,3471,2,1.5,3,1974,50,2,1,0.6,3,0,1,1,1,Oil,1,F,8.8,13.7,75,7.4,773978.0
H0600,Downtown,9.8,870,2685,3,1.9,2,2024,0,5,0,,3,0,1,0,0,Gas,1,D,3.3,7.0,82,8.1,720287.0
H0601,Downtown,1.5,1670,3022,4,3.1,2,1958,66,1,0,,2,0,0,0,0,Electric,1,C,7.7,7.0,75,10.0,633861.0
H0602,Suburban,1.5,2055,3444,3,2.6,1,1983,41,3,1,2.5,1,1,1,1,1,Electric,1,A,6.8,10.6,48,10.0,791766.0
H0603,Downtown,0.5,2095,7905,2,1.8,1,2002,22,4,1,4.5,3,0,1,0,0,Gas,1,D,4.8,42.4,87,10.0,911322.0
H0604,Downtown,10.7,1383,2731,5,3.4,1,2006,18,5,0,,1,1,1,0,0,Gas,1,B,5.1,20.8,90,6.7,782126.0
H0605,Downtown,8.7,2759,9803,4,2.6,2,1992,32,4,1,6.4,2,0,1,0,1,Electric,0,E,7.4,1.0,69,9.8,1124733.0
H0606,Suburban,5.1,1480,4235,4,2.8,2,1993,31,2,1,4.1,0,0,1,0,1,Gas,1,D,7.7,6.6,70,10.0,677061.0
H0607,Downtown,14.9,2581,4373,5,3.6,1,2003,21,3,0,,3,1,1,1,0,Gas,0,C,5.8,20.2,79,5.8,962521.0
H0608,Suburban,13.1,2256,8772,4,2.9,2,1990,34,4,1,2.1,1,0,1,1,0,Gas,1,,5.8,5.3,70,5.6,944160.0
H0609,Suburban,7.0,1612,3413,3,2.4,2,2022,2,5,0,,1,1,1,1,0,Electric,0,E,9.4,6.0,47,8.9,876024.0
H0610,Rural,16.2,3065,11184,4,2.6,2,2011,13,5,0,,2,0,1,0,1,Gas,1,C,7.1,1.2,41,8.1,1065852.0
H0611,Downtown,1.8,1283,2465,2,1.0,2,2012,12,5,0,,2,0,0,0,1,Gas,1,C,8.4,9.0,99,9.5,687809.0
H0612,Rural,0.9,2551,9272,4,2.9,3,1975,49,4,0,,2,1,0,0,0,Gas,1,F,3.4,21.1,55,8.2,905114.0
H0613,Rural,2.5,2600,3985,2,1.7,2,1993,31,3,0,,1,0,1,0,0,Gas,1,E,6.0,9.2,0,9.3,668293.0
H0614,Downtown,0.5,1597,4438,4,2.7,2,1988,36,4,1,8.6,0,1,1,1,0,Gas,1,E,3.9,2.5,80,10.0,823492.0
H0615,Beachfront,6.1,2835,9705,3,2.4,1,1974,50,2,1,1.2,2,1,0,1,0,Oil,1,B,5.9,6.2,29,8.2,1121902.0
H0616,Mountain,22.1,1849,7094,2,1.3,1,2002,22,3,0,,3,0,1,0,0,Gas,1,B,5.5,7.9,45,6.5,695581.0
H0617,Downtown,0.5,2173,8198,2,1.9,1,1984,40,2,1,6.7,2,0,1,1,1,Electric,1,A,5.9,19.0,83,10.0,862989.0
H0618,Suburban,1.0,2156,7651,1,1.1,2,2008,16,4,1,1.2,2,0,1,1,0,Gas,1,C,5.4,44.3,44,10.0,848645.0
H0619,Beachfront,4.8,1919,7139,4,2.8,1,1973,51,3,1,6.9,3,0,0,0,0,Electric,1,D,,15.6,38,9.0,872917.0
H0620,Rural,21.7,2486,4967,4,2.7,1,2024,0,5,0,,2,1,0,1,0,Electric,0,C,1.8,1.0,42,6.9,820311.0
H0621,Downtown,3.0,2476,5473,3,2.2,2,1977,47,3,0,,2,0,1,0,0,Gas,1,D,5.7,3.2,81,8.1,883464.0
H0622,Downtown,5.7,950,2111,2,1.2,1,1999,25,3,0,,2,0,1,0,0,Oil,1,C,5.1,9.0,92,7.4,486497.0
H0623,Suburban,0.5,2782,6795,2,1.7,1,2010,14,4,0,,2,0,1,0,0,Gas,1,C,6.7,12.9,66,9.5,893091.0
H0624,Suburban,1.3,1002,2488,1,1.1,1,1983,41,2,0,,2,0,1,0,0,Oil,1,G,6.0,4.2,60,9.0,365386.0
H0625,Rural,34.5,2619,7493,2,1.7,2,2012,12,5,0,,2,1,1,0,0,Gas,1,C,4.3,3.1,43,1.9,823106.0
H0626,Suburban,26.8,2676,5083,5,4.1,1,1970,54,3,0,,1,0,0,0,0,Solar,1,C,8.0,5.0,46,7.4,780596.0
H0627,Suburban,0.5,1345,4341,3,2.1,2,2024,0,5,1,9.6,1,1,1,0,1,Electric,1,C,8.8,1.3,84,10.0,873666.0
H0628,Rural,24.3,1753,3363,3,1.9,2,1995,29,5,0,,0,0,1,1,0,Solar,1,B,2.1,3.5,24,4.6,640079.0
H0629,Downtown,8.2,1336,3040,2,1.7,2,1983,41,2,0,,2,0,1,1,0,Electric,0,D,6.2,3.8,81,8.5,639420.0
H0630,Suburban,16.2,1871,5160,3,2.1,2,1989,35,3,0,,1,0,1,1,1,Gas,1,C,6.6,1.0,53,6.5,662075.0
H0631,Rural,4.9,1815,6336,3,2.4,2,2011,13,4,0,,1,0,1,0,0,Electric,1,D,1.0,1.3,56,10.0,673649.0
H0632,Beachfront,5.8,2467,8261,4,2.8,1,1983,41,3,1,2.5,2,1,1,0,1,Oil,0,E,3.1,1.1,29,10.0,1166816.0
H0633,Suburban,5.4,2786,8675,3,1.8,1,1980,44,4,0,,2,0,1,0,0,Solar,1,,5.0,4.1,39,6.3,927381.0
H0634,Suburban,8.8,2837,5360,2,2.0,1,1990,34,4,0,,2,1,1,0,1,Gas,1,A,8.2,46.4,60,9.0,875245.0
H0635,Downtown,1.2,1662,4765,3,1.9,1,1971,53,5,0,,2,0,1,0,1,Electric,0,D,7.8,14.4,97,7.8,777174.0
H0636,Suburban,0.5,1874,3220,3,2.7,1,2024,0,3,0,,3,0,0,1,1,Gas,1,A,,1.3,86,10.0,807620.0
H0637,Suburban,2.9,989,2416,3,2.7,1,1983,41,4,0,,3,0,0,1,0,Electric,0,D,6.1,19.7,58,10.0,515516.0
H0638,Downtown,9.8,1516,3841,5,4.0,2,2011,13,4,0,,2,0,0,1,0,Gas,1,D,9.4,24.9,100,6.8,874295.0
H0639,Suburban,1.8,2578,4123,4,3.2,2,1999,25,4,0,,2,0,0,0,0,Gas,1,B,8.0,1.0,93,9.3,923059.0
H0640,Suburban,9.0,2969,6487,4,3.1,1,1975,49,3,0,,1,0,1,0,0,Oil,1,E,3.8,11.1,77,7.8,826993.0
H0641,Downtown,28.0,1259,4896,3,2.6,2,1994,30,3,0,,3,1,0,1,1,Gas,1,E,2.0,7.0,76,5.2,652994.0
H0642,Suburban,0.8,1644,6385,3,2.0,1,2010,14,5,0,,1,0,0,0,0,Electric,1,E,6.8,11.7,51,10.0,807725.0
H0643,Downtown,8.9,1984,4723,3,2.2,1,1991,33,4,0,,1,0,0,0,0,Electric,0,C,,10.9,90,6.5,782078.0
H0644,Suburban,4.7,2168,3485,4,3.1,2,2018,6,5,0,,2,0,1,0,0,Gas,1,D,8.9,38.0,45,10.0,928430.0
H0645,Downtown,16.2,1514,2948,4,2.9,1,2015,9,5,1,6.5,0,0,1,0,0,Gas,1,E,6.4,8.6,80,9.2,743179.0
H0646,Beachfront,1.6,2254,5591,2,1.4,1,2013,11,3,1,9.6,3,1,0,0,1,Electric,0,C,2.4,2.1,30,8.4,986021.0
H0647,Suburban,9.4,1715,6636,3,2.1,2,1985,39,2,0,,2,0,0,1,1,Gas,1,E,8.2,4.0,68,8.2,653541.0
H0648,Rural,14.6,1991,3689,3,2.3,3,1973,51,1,0,,2,0,0,1,0,Oil,0,A,5.4,4.8,13,9.7,504953.0
H0649,Rural,23.1,2327,7932,5,4.1,2,1982,42,3,0,,2,0,1,0,0,Solar,1,A,6.4,20.3,55,7.2,769314.0
H0650,Suburban,9.2,2003,3548,4,2.7,1,1998,26,4,0,,2,0,0,0,0,Gas,1,D,,6.6,82,7.7,776991.0
H0651,Downtown,5.5,1738,6870,3,2.7,2,2005,19,4,1,7.2,0,0,1,1,0,Gas,1,D,3.9,14.0,69,10.0,878870.0
H0652,Suburban,7.7,1934,4746,2,1.7,2,1951,73,2,0,,2,0,1,0,1,Gas,1,E,6.2,4.2,54,10.0,548386.0
H0653,Suburban,16.3,1946,6690,4,3.3,2,1994,30,3,0,,2,0,0,0,1,Electric,1,F,,4.3,59,6.9,712359.0
H0654,Rural,6.8,1777,4187,2,1.6,2,1998,26,5,1,5.1,2,0,1,0,0,Gas,0,B,6.5,26.9,36,7.7,743662.0
H0655,Suburban,0.5,1844,5659,3,2.5,2,1989,35,4,1,2.3,2,1,0,0,0,Gas,1,C,7.6,7.3,45,10.0,838007.0
H0656,Downtown,21.4,2959,5858,2,1.0,1,2020,4,5,0,,1,0,1,1,0,Electric,1,E,4.2,20.8,96,6.1,926499.0
H0657,Suburban,9.4,2336,4356,4,3.3,2,2003,21,3,1,8.1,1,1,0,1,0,Solar,1,,7.3,10.0,51,7.3,914477.0
H0658,Suburban,9.0,1822,7005,3,1.8,2,2021,3,5,0,,1,0,1,0,0,Gas,1,D,7.5,11.8,73,8.9,848060.0
H0659,Rural,1.9,2418,9174,3,2.6,2,1990,34,3,1,4.7,1,1,1,0,0,Gas,0,D,4.3,8.1,61,7.7,898795.0
H0660,Suburban,8.6,1799,6689,5,4.2,2,2013,11,4,0,,2,0,1,0,0,Solar,1,B,8.1,2.2,34,7.3,893737.0
H0661,Suburban,4.0,2703,8280,3,2.0,3,2024,0,5,0,,2,0,0,0,0,Electric,0,C,8.0,16.6,30,10.0,987915.0
H0662,Mountain,8.4,2221,7819,3,2.0,3,2021,3,5,0,,1,0,0,1,0,Electric,0,D,7.4,10.5,13,5.7,980691.0
H0663,Rural,0.9,1935,3236,3,2.5,2,1973,51,2,0,,2,0,1,1,1,Electric,1,E,10.0,10.8,44,10.0,614368.0
H0664,Downtown,8.6,2268,5300,1,1.0,2,1989,35,4,0,,2,0,1,0,1,Solar,0,D,7.1,2.4,86,5.3,794801.0
H0665,Downtown,40.0,1057,2414,4,3.4,3,1988,36,2,1,1.7,1,0,1,1,0,Electric,0,D,4.7,10.6,93,0.0,593492.0
H0666,Downtown,0.5,1323,4086,2,1.1,1,2004,20,5,1,3.2,1,0,0,1,0,Oil,1,D,6.7,15.6,85,9.2,801986.0
H0667,Downtown,30.2,1283,3066,3,1.9,1,2008,16,4,0,,3,0,0,1,0,Electric,0,C,9.6,10.9,68,4.4,721309.0
H0668,Downtown,4.2,2085,3901,4,3.5,2,1978,46,4,0,,2,0,1,0,0,Electric,0,B,9.7,33.0,96,10.0,887524.0
H0669,Downtown,16.4,3039,9090,4,3.2,2,1996,28,3,0,,3,1,0,0,0,Gas,0,,4.8,,65,6.8,1031710.0
H0670,Suburban,12.2,3338,11803,4,3.3,2,1954,70,2,1,9.7,1,0,0,1,1,Gas,0,A,8.7,7.0,62,7.2,1002687.0
H0671,Downtown,6.7,2382,5848,3,2.1,2,2023,1,4,1,1.5,2,0,0,0,0,Electric,1,B,3.1,2.1,97,9.5,1032018.0
H0672,Beachfront,10.7,2300,4210,1,1.0,1,1984,40,4,1,7.3,1,0,1,1,0,Gas,1,C,7.6,14.6,33,6.5,926309.0
H0673,Downtown,16.9,919,1830,4,3.1,1,1996,28,3,0,,1,0,1,1,0,Electric,1,C,,17.1,78,6.8,573851.0
H0674,Suburban,4.1,1674,3504,3,2.4,2,1988,36,4,0,,2,0,1,1,1,Gas,1,A,9.2,10.2,53,7.4,754576.0
H0675,Suburban,3.2,1527,3435,4,3.2,1,2017,7,4,0,,1,1,1,0,1,Oil,0,D,7.4,46.9,49,9.5,718700.0
H0676,Mountain,8.8,1627,5055,4,3.1,1,1950,74,1,0,,1,0,1,1,0,Gas,0,D,6.7,2.4,33,8.0,634827.0
H0677,Downtown,13.2,1899,5701,4,2.9,1,1994,30,3,1,1.9,1,0,1,0,0,Oil,1,A,6.8,14.8,88,6.2,821508.0
H0678,Suburban,11.5,1716,5560,3,2.0,1,1992,32,3,1,6.5,0,0,0,1,0,Electric,1,F,8.4,6.4,48,7.9,760049.0
H0679,Mountain,12.8,812,1953,3,2.5,2,1985,39,3,1,7.1,2,0,1,0,0,Gas,1,B,6.4,3.0,47,7.7,576987.0
H0680,Beachfront,4.6,2448,8714,4,2.7,1,2024,0,4,0,,2,1,1,0,0,Electric,1,E,5.7,,30,10.0,1231152.0
H0681,Beachfront,13.6,1356,2725,3,2.4,2,1977,47,4,1,3.2,0,1,0,1,0,Gas,1,A,8.0,18.1,34,4.9,768771.0
H0682,Suburban,1.0,2143,5727,2,1.2,1,2010,14,4,0,,1,0,1,0,0,Gas,0,E,4.9,7.2,88,9.7,792013.0
H0683,Downtown,6.3,3244,11361,5,3.9,2,2002,22,4,1,9.6,1,0,0,0,0,Gas,1,A,4.0,11.8,82,7.6,1206476.0
H0684,Rural,0.5,1448,2824,5,4.0,1,2020,4,5,0,,2,0,1,1,0,Gas,1,D,4.0,6.3,6,10.0,768063.0
H0685,Mountain,3.1,800,1419,3,2.0,2,1981,43,4,0,,0,0,0,0,1,Solar,1,C,5.5,2.0,21,10.0,486868.0
H0686,Suburban,3.7,1828,6780,2,1.1,2,1980,44,3,0,,2,0,0,1,0,Gas,1,D,9.2,3.3,53,10.0,790385.0
H0687,Suburban,4.0,2660,6270,3,1.9,1,2016,8,4,0,,0,0,0,0,0,Electric,1,C,6.6,3.8,71,8.1,893426.0
H0688,Suburban,9.5,3175,10190,4,3.1,2,2003,21,3,0,,1,0,1,1,0,Gas,1,A,8.3,28.9,42,9.4,1076277.0
H0689,Rural,3.9,1262,1972,5,4.1,2,1964,60,2,1,1.6,3,0,1,1,0,Electric,1,D,6.5,1.0,30,6.9,595501.0
H0690,Downtown,4.8,2298,7411,3,1.8,2,1984,40,3,0,,2,0,1,0,0,Gas,1,A,5.3,7.5,85,6.4,889654.0
H0691,Suburban,2.2,1720,3939,2,1.7,1,2002,22,4,0,,0,1,1,0,0,Electric,1,E,7.2,31.5,61,7.7,657367.0
H0692,Suburban,3.7,1936,3173,5,3.6,3,2011,13,4,0,,2,0,1,0,0,Electric,1,A,10.0,,50,9.2,839514.0
H0693,Suburban,2.1,3586,10845,3,2.2,2,1981,43,4,1,4.4,2,1,0,0,0,Electric,1,C,6.6,,67,10.0,1197750.0
H0694,Downtown,0.6,1098,2308,3,2.7,1,1950,74,2,0,,2,0,1,0,0,Gas,1,,6.5,6.0,100,5.4,511307.0
H0695,Downtown,7.4,2152,5309,5,3.6,1,2005,19,4,0,,2,0,0,1,0,Electric,0,C,,,80,10.0,969256.0
H0696,Rural,8.8,2280,3879,2,1.5,2,1970,54,4,0,,2,1,0,0,1,Gas,1,B,4.9,1.0,34,8.4,650523.0
H0697,Suburban,7.7,2651,4951,4,2.5,2,1954,70,2,0,,3,1,1,0,0,Gas,0,D,7.1,2.0,75,6.1,816713.0
H0698,Suburban,5.0,2058,4620,2,1.1,2,1950,74,2,1,0.2,1,0,0,1,0,Gas,1,E,7.7,23.2,39,9.2,639943.0
H0699,Downtown,3.8,2184,3766,3,2.0,2,2011,13,4,1,5.6,2,0,0,0,0,Gas,1,E,6.9,3.9,100,10.0,936780.0
H0700,Suburban,15.9,1765,6666,4,2.5,2,1997,27,3,0,,2,1,1,0,1,Gas,1,C,10.0,6.3,78,7.7,832386.0
H0701,Suburban,5.9,2161,3274,3,2.4,1,1990,34,3,1,5.4,0,0,1,0,0,Electric,0,D,6.2,1.0,69,10.0,684447.0
H0702,Downtown,5.2,1794,4861,6,4.4,1,2022,2,4,0,,0,0,1,0,1,Gas,1,C,8.2,16.7,79,6.9,934381.0
H0703,Suburban,0.5,2372,4288,4,3.0,2,2007,17,5,0,,1,1,1,1,1,Gas,1,C,8.8,1.0,50,9.3,1002097.0
H0704,Downtown,3.3,1778,4034,3,1.9,3,2024,0,5,0,,2,0,1,1,0,Gas,1,D,3.3,3.7,86,7.9,890473.0
H0705,Downtown,3.8,2226,8492,3,2.0,1,1967,57,2,0,,2,0,1,0,0,Electric,1,C,3.4,9.1,74,10.0,851469.0
H0706,Mountain,4.1,1982,3774,3,2.4,2,1994,30,5,1,8.8,2,0,0,0,0,Electric,1,C,3.7,18.6,44,10.0,745819.0
H0707,Suburban,6.9,2675,10471,3,2.7,2,1962,62,3,0,,0,0,0,0,1,Gas,1,C,6.7,9.3,31,10.0,2043336.1611535777
H0708,Beachfront,6.1,1969,3966,2,1.1,2,1990,34,3,1,6.7,2,0,1,0,0,Electric,0,,3.2,28.3,71,8.1,853253.0
H0709,Suburban,7.5,936,3139,3,2.6,2,1990,34,3,0,,3,0,0,1,0,Electric,0,E,6.0,5.7,41,7.4,571125.0
H0710,Rural,11.6,2757,7903,3,2.3,2,2007,17,4,1,6.6,1,0,1,0,0,Gas,1,D,7.2,8.1,34,7.5,939695.0
H0711,Rural,13.4,1456,5403,4,3.1,1,1995,29,5,0,,2,0,1,0,0,Electric,0,C,6.8,6.9,53,9.4,705115.0
H0712,Suburban,10.1,1607,4636,4,3.0,3,2007,17,3,0,,2,0,0,0,0,Electric,1,D,8.4,5.3,52,7.4,763435.0
H0713,Suburban,24.9,1642,4657,4,2.6,2,2009,15,5,0,,2,0,0,1,0,Electric,0,D,8.7,15.0,83,5.2,752295.0
H0714,Suburban,0.5,2824,5615,1,1.0,2,2024,0,5,0,,2,1,0,1,0,Gas,1,A,8.4,8.3,64,10.0,1019154.0
H0715,Suburban,1.7,800,1532,3,2.4,2,1988,36,3,1,3.9,3,0,0,1,0,Gas,1,B,7.8,12.9,42,9.7,563263.0
H0716,Mountain,0.5,3882,14717,4,2.8,2,1976,48,3,0,,1,1,0,1,0,Gas,1,A,5.6,12.3,73,8.9,1262900.0
H0717,Beachfront,8.3,2633,6107,3,2.7,1,1999,25,3,1,9.1,3,0,1,0,1,Electric,1,C,10.0,1.7,41,8.1,1127173.0
H0718,Mountain,18.3,2133,5183,1,1.0,1,1978,46,3,0,,1,1,1,0,0,Oil,0,E,7.6,8.4,24,6.1,644673.0
H0719,Downtown,2.2,1967,6686,4,2.6,2,2024,0,5,0,,1,0,1,0,1,Gas,1,C,10.0,9.3,91,9.5,968115.0
H0720,Rural,20.9,2171,5095,4,3.2,1,1989,35,4,0,,0,0,0,1,0,Gas,1,,5.0,7.0,63,7.2,671457.0
H0721,Mountain,0.5,2312,8970,3,2.0,1,1983,41,4,1,4.1,2,1,1,1,0,Electric,1,E,5.8,9.1,41,10.0,987438.0
H0722,Downtown,21.8,2387,7984,2,1.5,2,1985,39,3,0,,2,1,1,0,1,Oil,1,E,3.3,1.0,98,4.4,887537.0
H0723,Downtown,3.5,2333,6984,4,3.2,2,2009,15,3,0,,1,0,1,1,0,Oil,1,D,4.4,32.1,79,8.7,944475.0
H0724,Rural,0.9,2053,7600,4,3.4,1,1991,33,4,0,,1,0,1,1,1,Electric,1,C,9.8,1.0,35,8.6,893616.0
H0725,Suburban,5.3,1881,3054,4,3.3,2,1982,42,4,0,,3,0,1,1,1,Oil,1,B,8.9,1.0,68,9.2,786528.0
H0726,Beachfront,2.4,1909,4090,4,3.2,2,2024,0,5,0,,2,1,1,0,0,Gas,1,,9.8,4.1,17,8.7,1112795.0
H0727,Downtown,2.7,1883,5013,4,3.2,2,1977,47,3,0,,2,0,1,1,0,Gas,1,B,3.5,6.7,78,9.8,893901.0
H0728,Rural,2.9,2680,5540,3,2.7,2,1995,29,4,1,9.0,2,0,0,0,0,Gas,1,C,3.9,14.9,5,10.0,850990.0
H0729,Downtown,13.0,2356,7915,2,1.3,2,2008,16,5,1,6.6,2,0,1,1,0,Electric,1,D,5.3,1.8,87,3.6,1050215.0
H0730,Downtown,6.2,800,3038,4,2.5,1,1962,62,3,0,,1,0,0,1,0,Gas,0,A,5.9,13.4,95,9.5,547750.0
H0731,Downtown,3.0,2393,6124,4,2.8,1,2004,20,4,0,,3,1,1,0,0,Gas,1,B,7.8,17.2,76,8.7,985066.0
H0732,Beachfront,7.5,2116,4983,4,2.7,2,1973,51,3,0,,1,0,1,1,0,Gas,1,B,6.9,1.0,51,9.2,930663.0
H0733,Rural,10.1,1988,7760,2,1.7,2,2011,13,4,0,,2,0,0,1,0,Gas,1,D,5.2,1.0,33,6.6,773286.0
H0734,Suburban,2.5,1766,4613,2,1.6,2,1975,49,4,1,9.0,1,0,0,0,1,Oil,1,D,5.4,15.3,65,10.0,658744.0
H0735,Suburban,4.3,2674,7280,5,3.8,2,2008,16,4,1,4.5,2,0,0,0,1,Gas,1,D,9.1,10.5,56,10.0,1048093.0
H0736,Beachfront,1.0,2568,6109,4,2.5,2,2017,7,5,0,,2,0,0,0,0,Gas,1,C,4.2,9.6,31,10.0,1128068.0
H0737,Suburban,1.6,1536,5796,5,4.0,2,2012,12,4,0,,2,0,0,1,1,Electric,1,C,8.8,3.3,67,10.0,849024.0
H0738,Beachfront,9.1,2244,6557,4,2.8,1,2000,24,5,0,,1,1,0,1,0,Gas,1,B,8.1,3.8,35,7.1,1146626.0
H0739,Suburban,1.6,1417,4825,4,3.2,1,1990,34,5,1,2.9,2,0,0,0,0,Electric,0,B,9.1,25.4,86,8.8,792297.0
H0740,Suburban,6.0,1172,4136,4,3.1,2,1983,41,4,1,2.7,1,0,0,0,0,Oil,0,E,10.0,1.0,64,9.9,658551.0
H0741,Suburban,9.9,1623,3821,5,3.6,1,2024,0,5,0,,1,0,1,0,0,Oil,0,F,7.7,11.9,61,6.9,793685.0
H0742,Suburban,0.9,2517,6504,4,2.6,1,1981,43,3,1,0.7,0,0,0,0,0,Oil,1,D,5.5,3.0,46,10.0,829586.0
H0743,Rural,6.7,2571,9310,4,2.6,2,1974,50,1,1,6.8,2,1,0,0,1,Gas,1,E,7.5,1.0,53,8.2,958364.0
H0744,Suburban,2.4,2307,5555,2,1.8,2,2008,16,5,0,,2,0,1,0,1,Electric,0,D,8.4,10.9,70,10.0,855625.0
H0745,Downtown,26.4,2435,8485,3,2.7,2,1979,45,3,0,,2,0,1,0,0,Gas,1,A,8.2,2.2,85,7.9,878686.0
H0746,Beachfront,5.3,2309,8895,4,3.1,1,1975,49,3,0,,2,0,1,0,1,Gas,1,G,7.0,10.2,45,7.9,989838.0
H0747,Suburban,13.1,1615,4938,3,1.9,1,1966,58,2,0,,2,0,0,1,0,Gas,1,B,8.1,9.8,56,7.5,585964.0
H0748,Suburban,6.4,2259,7576,3,2.2,1,1985,39,3,1,7.7,2,0,1,1,0,Gas,1,D,9.8,6.1,70,10.0,887149.0
H0749,Beachfront,0.5,2480,8711,3,2.5,2,1993,31,3,0,,1,1,1,1,1,Oil,1,C,5.0,12.0,24,10.0,1040539.0
H0750,Rural,8.0,2452,8858,3,2.5,1,1999,25,5,1,2.2,1,0,1,1,0,Gas,1,C,4.2,7.0,8,7.9,903380.0
H0751,Downtown,24.2,2713,6748,3,1.9,2,2014,10,4,0,,2,0,1,0,0,Electric,1,D,,2.2,100,4.4,983786.0
H0752,Mountain,7.4,2424,3946,3,1.8,2,2005,19,5,0,,2,0,1,0,0,Gas,1,C,5.2,10.6,39,8.2,851435.0
H0753,Rural,13.7,2210,5535,5,4.0,3,1991,33,4,1,8.7,2,0,1,0,0,Gas,1,C,7.7,7.1,16,9.4,855740.0
H0754,Suburban,17.2,2642,8413,3,2.1,1,1991,33,3,0,,3,0,1,1,0,Solar,1,C,,1.0,69,6.1,950492.0
H0755,Downtown,2.1,1984,5209,2,1.3,2,2005,19,4,1,5.1,1,1,1,1,0,Gas,1,C,4.3,1.8,94,9.7,916304.0
H0756,Rural,1.9,1470,4957,2,1.0,2,2020,4,4,0,,1,0,1,1,0,Electric,1,F,4.8,,50,9.0,624389.0
H0757,Rural,7.6,1902,4550,4,3.0,3,1997,27,2,0,,2,0,1,1,0,Gas,1,E,8.6,16.2,32,9.5,704781.0
H0758,Suburban,4.2,1553,4793,3,2.6,3,1985,39,5,1,0.1,1,0,0,1,0,Gas,1,C,4.5,17.1,52,9.4,748255.0
H0759,Beachfront,14.7,1594,3133,4,3.5,1,1975,49,4,0,,0,1,1,0,0,Gas,0,B,,4.7,12,5.6,732910.0
H0760,Rural,18.4,1913,6453,4,3.1,2,1966,58,3,0,,3,0,0,0,1,Oil,1,E,4.4,5.7,45,4.9,691787.0
H0761,Downtown,3.5,1524,4365,4,3.0,1,2008,16,4,0,,1,1,1,0,0,Gas,1,B,5.4,,72,6.3,832882.0
H0762,Suburban,2.2,1815,3648,3,1.8,1,2006,18,3,1,5.4,3,0,1,0,0,Gas,1,B,7.2,4.8,80,8.3,831504.0
H0763,Downtown,12.1,863,1924,4,3.0,1,2006,18,4,0,,2,1,0,1,0,Gas,0,C,4.4,2.6,86,8.8,689130.0
H0764,Rural,2.6,2127,7171,3,2.1,2,1992,32,4,1,3.5,2,0,1,0,0,Electric,0,E,4.1,12.4,21,10.0,740571.0
H0765,Downtown,13.8,2000,5413,5,3.9,2,2023,1,4,0,,1,0,0,0,0,Electric,1,B,6.6,6.8,92,8.3,975264.0
H0766,Suburban,4.4,1509,3078,4,2.9,1,1985,39,1,1,6.6,1,0,1,0,0,Electric,1,B,7.6,7.5,47,10.0,581096.0
H0767,Rural,8.8,2395,9384,3,2.0,2,2014,10,4,1,4.2,2,0,0,0,1,Gas,1,D,4.4,44.0,16,8.0,840915.0
H0768,Beachfront,0.8,2562,8423,3,1.8,1,1994,30,4,1,7.1,1,0,1,0,0,Oil,1,C,4.1,7.2,27,10.0,1077041.0
H0769,Suburban,7.8,1035,4029,2,1.3,2,1982,42,3,0,,1,0,1,0,0,Electric,1,D,7.2,12.3,46,8.9,522248.0
H0770,Beachfront,4.8,1542,3959,4,2.6,1,2006,18,5,1,1.5,1,0,1,0,0,Oil,0,C,7.9,11.7,25,10.0,964537.0
H0771,Downtown,7.1,1538,4133,3,1.9,1,2003,21,5,1,4.5,1,0,1,1,0,Oil,0,C,9.0,18.0,89,8.4,874792.0
H0772,Beachfront,1.5,1436,5377,4,3.5,2,2002,22,4,1,4.1,1,1,0,0,0,Electric,0,B,4.5,3.7,7,10.0,933814.0
H0773,Downtown,10.7,2497,7023,3,2.2,1,1996,28,5,0,,2,0,1,1,0,Gas,1,B,10.0,6.1,77,9.2,1002369.0
H0774,Suburban,15.9,1883,6154,4,3.0,2,1994,30,3,0,,1,1,0,1,1,Oil,1,E,,5.5,88,7.9,823863.0
H0775,Rural,2.0,1841,3922,4,3.4,1,2024,0,5,0,,0,0,0,1,0,Oil,1,E,8.2,6.8,21,6.6,774737.0
H0776,Downtown,0.8,800,2093,4,3.5,2,2018,6,5,1,8.8,2,0,0,1,1,Gas,0,C,4.6,,87,10.0,806279.0
H0777,Downtown,0.5,2381,4306,4,3.1,1,2009,15,3,0,,3,0,1,0,0,Gas,0,B,4.3,5.9,68,9.7,945083.0
H0778,Rural,8.2,1256,2530,2,1.8,2,1997,27,3,1,9.1,1,0,1,0,0,Solar,0,A,4.5,2.5,18,7.7,522862.0
H0779,Rural,7.5,2035,3057,2,1.3,2,2015,9,4,0,,1,1,0,0,0,Gas,1,D,5.9,1.3,46,6.3,618839.0
H0780,Rural,6.3,2166,3461,4,2.8,1,2005,19,4,0,,2,0,0,0,0,Oil,1,D,,,29,8.7,747156.0
H0781,Rural,2.1,2816,11104,3,2.2,2,1995,29,4,1,2.3,3,1,0,1,1,Gas,1,C,7.3,5.7,47,9.6,1105945.0
H0782,Suburban,4.0,1214,2556,3,2.4,1,1988,36,3,0,,2,1,1,1,0,Gas,1,D,8.7,3.4,46,7.3,639574.0
H0783,Suburban,7.2,800,2526,1,1.0,2,1993,31,3,1,9.6,2,0,1,0,0,Gas,1,D,7.2,,78,6.3,479257.0
H0784,Suburban,5.5,2110,7591,3,2.1,1,1950,74,2,0,,1,1,0,0,1,Gas,1,F,7.6,1.0,72,9.6,660469.0
H0785,Downtown,35.2,3080,8860,1,1.0,2,1999,25,5,0,,2,0,1,0,1,Gas,0,A,5.8,13.9,85,4.3,967327.0
H0786,Beachfront,1.2,2743,5164,5,3.9,2,1985,39,3,0,,0,1,0,1,1,Gas,1,B,5.6,3.7,28,10.0,1065920.0
H0787,Suburban,9.5,2125,7055,3,1.9,3,2024,0,5,0,,2,0,1,1,1,Electric,1,A,9.5,6.1,66,9.8,989864.0
H0788,Suburban,4.1,1705,5116,4,3.1,2,1995,29,4,1,1.8,2,0,1,1,0,Solar,1,E,7.6,4.4,82,9.0,851510.0
H0789,Suburban,4.5,2484,8267,1,1.0,2,1971,53,4,0,,3,1,1,1,1,Gas,0,E,7.7,2.7,66,9.0,942783.0
H0790,Mountain,10.1,1415,4845,4,3.2,2,1994,30,3,0,,1,0,1,0,0,Electric,1,D,5.0,,32,6.6,688812.0
H0791,Downtown,9.4,2285,8999,3,2.5,3,1974,50,4,0,,0,0,1,0,1,Electric,0,B,5.1,7.1,98,5.8,898688.0
H0792,Suburban,37.9,2303,6756,5,4.1,2,2004,20,4,0,,2,0,0,0,1,Electric,1,C,7.1,9.1,60,5.2,835045.0
H0793,Suburban,1.1,2636,6205,5,3.7,1,2000,24,4,0,,2,0,0,0,0,Electric,1,C,6.3,20.7,52,10.0,965494.0
H0794,Rural,0.9,3655,11407,3,2.5,2,2014,10,5,0,,2,0,1,1,1,Gas,1,D,7.3,6.2,41,7.7,1230649.0
H0795,Downtown,10.3,2235,3734,5,3.9,2,1979,45,2,0,,1,1,0,0,0,Gas,1,C,4.6,8.7,86,8.2,819861.0
H0796,Beachfront,6.9,1694,6341,6,4.2,2,1995,29,4,1,6.9,1,0,0,1,0,Gas,1,A,9.7,1.1,12,8.5,1093307.0
H0797,Mountain,2.6,1984,3568,4,2.5,2,1967,57,2,1,6.7,2,0,1,0,0,Gas,1,D,6.7,5.4,32,9.1,787145.0
H0798,Suburban,0.7,938,2175,4,2.8,1,2009,15,5,0,,1,0,1,0,1,Electric,1,C,6.1,,100,9.3,610055.0
H0799,Rural,0.7,1583,5602,3,2.2,2,2005,19,5,1,0.3,3,0,1,0,0,Gas,0,C,4.8,1.0,52,10.0,774236.0
H0800,Mountain,18.0,1754,5250,4,3.1,1,2004,20,5,0,,2,0,1,0,0,Oil,1,B,5.0,4.7,40,7.6,772783.0
